CODE,Customer_ID,Modelo,segmento,prob_churn,descuento_pct,beneficio_esperado,incentivos
SYN007472,22651,I,MUY_BAJO,0.14373663,0.02,10.470175438596492,Newsletter informativa trimestral
SYN002677,104420,I,MUY_BAJO,0.09711554,0.02,10.470175438596492,Newsletter informativa trimestral
SYN009575,101728,I,MUY_BAJO,0.1256521,0.02,10.470175438596492,Newsletter informativa trimestral
SYN004568,45078,I,MUY_BAJO,0.095222525,0.02,10.470175438596492,Newsletter informativa trimestral
SYN007069,98626,I,MUY_BAJO,0.08090511,0.02,10.470175438596492,Newsletter informativa trimestral
SYN005981,104172,I,MUY_BAJO,0.052113265,0.02,10.470175438596492,Newsletter informativa trimestral
SYN005235,101510,I,MUY_BAJO,0.11901838,0.02,10.470175438596492,Newsletter informativa trimestral
SYN003595,14915,I,MUY_BAJO,0.050486952,0.02,10.470175438596492,Newsletter informativa trimestral
SYN007060,12598,I,MUY_BAJO,0.1165216,0.02,10.470175438596492,Newsletter informativa trimestral
SYN001724,76082,I,MUY_BAJO,0.1526637,0.02,10.470175438596492,Newsletter informativa trimestral
SYN009588,101529,I,MUY_BAJO,0.14449683,0.02,10.470175438596492,Newsletter informativa trimestral
SYN008100,99514,I,MUY_BAJO,0.11569823,0.02,10.470175438596492,Newsletter informativa trimestral
SYN008115,108301,I,MUY_BAJO,0.094745696,0.02,10.470175438596492,Newsletter informativa trimestral
SYN004013,105791,I,MUY_BAJO,0.06802612,0.02,10.470175438596492,Newsletter informativa trimestral
SYN008889,105860,I,MUY_BAJO,0.11901838,0.02,10.470175438596492,Newsletter informativa trimestral
SYN002745,106801,I,MUY_BAJO,0.14264141,0.02,10.470175438596492,Newsletter informativa trimestral
SYN000983,108243,I,MUY_BAJO,0.09399273,0.02,10.470175438596492,Newsletter informativa trimestral
SYN007024,87098,I,MUY_BAJO,0.12201734,0.02,10.470175438596492,Newsletter informativa trimestral
SYN001697,106247,I,MUY_BAJO,0.035842933,0.02,10.470175438596492,Newsletter informativa trimestral
SYN004309,102779,I,MUY_BAJO,0.06690447,0.02,10.470175438596492,Newsletter informativa trimestral
SYN008137,105590,I,MUY_BAJO,0.11987455,0.02,10.470175438596492,Newsletter informativa trimestral
SYN006016,100778,I,MUY_BAJO,0.051328026,0.02,10.470175438596492,Newsletter informativa trimestral
SYN005249,104344,I,MUY_BAJO,0.16718136,0.02,10.470175438596492,Newsletter informativa trimestral
SYN009611,19996,I,MUY_BAJO,0.1165216,0.02,10.470175438596492,Newsletter informativa trimestral
SYN004927,100094,I,MUY_BAJO,0.06802612,0.02,10.470175438596492,Newsletter informativa trimestral
SYN000357,100951,I,MUY_BAJO,0.07001256,0.02,10.470175438596492,Newsletter informativa trimestral
SYN009617,101578,I,MUY_BAJO,0.11479831,0.02,10.470175438596492,Newsletter informativa trimestral
SYN008862,105081,I,MUY_BAJO,0.06883865,0.02,10.470175438596492,Newsletter informativa trimestral
SYN002648,20424,I,MUY_BAJO,0.04431654,0.02,10.470175438596492,Newsletter informativa trimestral
SYN000410,104274,I,MUY_BAJO,0.095650904,0.02,10.470175438596492,Newsletter informativa trimestral
SYN000962,100145,I,MUY_BAJO,0.10027628,0.02,10.470175438596492,Newsletter informativa trimestral
SYN002637,75803,I,MUY_BAJO,0.09711554,0.02,10.470175438596492,Newsletter informativa trimestral
SYN008015,103211,I,MUY_BAJO,0.11803344,0.02,10.470175438596492,Newsletter informativa trimestral
SYN004542,100441,I,MUY_BAJO,0.051328026,0.02,10.470175438596492,Newsletter informativa trimestral
SYN001784,103850,I,MUY_BAJO,0.09711554,0.02,10.470175438596492,Newsletter informativa trimestral
SYN007140,104302,I,MUY_BAJO,0.0832849,0.02,10.470175438596492,Newsletter informativa trimestral
SYN007138,105148,I,MUY_BAJO,0.100037254,0.02,10.470175438596492,Newsletter informativa trimestral
SYN008938,101374,I,MUY_BAJO,0.09811601,0.02,10.470175438596492,Newsletter informativa trimestral
SYN004551,104923,I,MUY_BAJO,0.10071219,0.02,10.470175438596492,Newsletter informativa trimestral
SYN009511,104659,I,MUY_BAJO,0.06500005,0.02,10.470175438596492,Newsletter informativa trimestral
SYN009515,105308,I,MUY_BAJO,0.094857566,0.02,10.470175438596492,Newsletter informativa trimestral
SYN002588,100045,I,MUY_BAJO,0.095650904,0.02,10.470175438596492,Newsletter informativa trimestral
SYN007108,107511,I,MUY_BAJO,0.15752067,0.02,10.470175438596492,Newsletter informativa trimestral
SYN002596,102429,I,MUY_BAJO,0.1254385,0.02,10.470175438596492,Newsletter informativa trimestral
SYN009519,103439,I,MUY_BAJO,0.09042337,0.02,10.470175438596492,Newsletter informativa trimestral
SYN002597,91619,I,MUY_BAJO,0.12907796,0.02,10.470175438596492,Newsletter informativa trimestral
SYN002599,102611,I,MUY_BAJO,0.0972343,0.02,10.470175438596492,Newsletter informativa trimestral
SYN005226,108392,I,MUY_BAJO,0.06802612,0.02,10.470175438596492,Newsletter informativa trimestral
SYN007102,26599,I,MUY_BAJO,0.16458347,0.02,10.470175438596492,Newsletter informativa trimestral
SYN000433,100144,I,MUY_BAJO,0.11164284,0.02,10.470175438596492,Newsletter informativa trimestral
SYN001754,101092,I,MUY_BAJO,0.14241041,0.02,10.470175438596492,Newsletter informativa trimestral
SYN008064,100143,I,MUY_BAJO,0.12677218,0.02,10.470175438596492,Newsletter informativa trimestral
SYN002624,107975,I,MUY_BAJO,0.14189976,0.02,10.470175438596492,Newsletter informativa trimestral
SYN001748,104732,I,MUY_BAJO,0.11213023,0.02,10.470175438596492,Newsletter informativa trimestral
SYN007085,102391,I,MUY_BAJO,0.12217295,0.02,10.470175438596492,Newsletter informativa trimestral
SYN008903,108003,I,MUY_BAJO,0.049083017,0.02,10.470175438596492,Newsletter informativa trimestral
SYN009560,100222,I,MUY_BAJO,0.11564494,0.02,10.470175438596492,Newsletter informativa trimestral
SYN008861,101022,I,MUY_BAJO,0.09651978,0.02,10.470175438596492,Newsletter informativa trimestral
SYN008175,103709,I,MUY_BAJO,0.09263769,0.02,10.470175438596492,Newsletter informativa trimestral
SYN008952,100243,I,MUY_BAJO,0.076405734,0.02,10.470175438596492,Newsletter informativa trimestral
SYN008296,108362,I,MUY_BAJO,0.16448519,0.02,10.470175438596492,Newsletter informativa trimestral
SYN008271,105934,I,MUY_BAJO,0.0455575,0.02,10.470175438596492,Newsletter informativa trimestral
SYN000281,102588,I,MUY_BAJO,0.0455575,0.02,10.470175438596492,Newsletter informativa trimestral
SYN006084,107085,I,MUY_BAJO,0.054789443,0.02,10.470175438596492,Newsletter informativa trimestral
SYN009701,100093,I,MUY_BAJO,0.117765576,0.02,10.470175438596492,Newsletter informativa trimestral
SYN008808,14073,I,MUY_BAJO,0.06029466,0.02,10.470175438596492,Newsletter informativa trimestral
SYN002857,104524,I,MUY_BAJO,0.09181424,0.02,10.470175438596492,Newsletter informativa trimestral
SYN008807,103173,I,MUY_BAJO,0.10707594,0.02,10.470175438596492,Newsletter informativa trimestral
SYN002859,58014,I,MUY_BAJO,0.08929565,0.02,10.470175438596492,Newsletter informativa trimestral
SYN001563,102821,I,MUY_BAJO,0.12237,0.02,10.470175438596492,Newsletter informativa trimestral
SYN001066,102717,I,MUY_BAJO,0.048630722,0.02,10.470175438596492,Newsletter informativa trimestral
SYN004068,100551,I,MUY_BAJO,0.09651978,0.02,10.470175438596492,Newsletter informativa trimestral
SYN006851,107954,I,MUY_BAJO,0.123930946,0.02,10.470175438596492,Newsletter informativa trimestral
SYN008298,98207,I,MUY_BAJO,0.11757639,0.02,10.470175438596492,Newsletter informativa trimestral
SYN006982,106478,I,MUY_BAJO,0.13660493,0.02,10.470175438596492,Newsletter informativa trimestral
SYN009727,102553,I,MUY_BAJO,0.09292159,0.02,10.470175438596492,Newsletter informativa trimestral
SYN009732,105388,I,MUY_BAJO,0.06802612,0.02,10.470175438596492,Newsletter informativa trimestral
SYN005501,100307,I,MUY_BAJO,0.112860896,0.02,10.470175438596492,Newsletter informativa trimestral
SYN000250,73073,I,MUY_BAJO,0.07189149,0.02,10.470175438596492,Newsletter informativa trimestral
SYN002892,102592,I,MUY_BAJO,0.021263229,0.02,10.470175438596492,Newsletter informativa trimestral
SYN004261,105142,I,MUY_BAJO,0.08271601,0.02,10.470175438596492,Newsletter informativa trimestral
SYN000246,105469,I,MUY_BAJO,0.084793836,0.02,10.470175438596492,Newsletter informativa trimestral
SYN006823,60498,I,MUY_BAJO,0.14646433,0.02,10.470175438596492,Newsletter informativa trimestral
SYN004869,103172,I,MUY_BAJO,0.17064415,0.02,10.470175438596492,Newsletter informativa trimestral
SYN000243,105088,I,MUY_BAJO,0.08606808,0.02,10.470175438596492,Newsletter informativa trimestral
SYN006821,102268,I,MUY_BAJO,0.113771826,0.02,10.470175438596492,Newsletter informativa trimestral
SYN006819,101901,I,MUY_BAJO,0.11516184,0.02,10.470175438596492,Newsletter informativa trimestral
SYN008815,102573,I,MUY_BAJO,0.12237,0.02,10.470175438596492,Newsletter informativa trimestral
SYN004271,107754,I,MUY_BAJO,0.080351055,0.02,10.470175438596492,Newsletter informativa trimestral
SYN004887,33711,I,MUY_BAJO,0.09711554,0.02,10.470175438596492,Newsletter informativa trimestral
SYN006900,103896,I,MUY_BAJO,0.07151904,0.02,10.470175438596492,Newsletter informativa trimestral
SYN006050,104489,I,MUY_BAJO,0.1526637,0.02,10.470175438596492,Newsletter informativa trimestral
SYN009636,101342,I,MUY_BAJO,0.114433184,0.02,10.470175438596492,Newsletter informativa trimestral
SYN006975,107217,I,MUY_BAJO,0.172823,0.02,10.470175438596492,Newsletter informativa trimestral
SYN003545,107252,I,MUY_BAJO,0.06978138,0.02,10.470175438596492,Newsletter informativa trimestral
SYN008196,103041,I,MUY_BAJO,0.07136996,0.02,10.470175438596492,Newsletter informativa trimestral
SYN004037,107174,I,MUY_BAJO,0.09273589,0.02,10.470175438596492,Newsletter informativa trimestral
SYN001024,4988,I,MUY_BAJO,0.106123194,0.02,10.470175438596492,Newsletter informativa trimestral
SYN006936,106577,I,MUY_BAJO,0.084793836,0.02,10.470175438596492,Newsletter informativa trimestral
SYN003538,105171,I,MUY_BAJO,0.09322618,0.02,10.470175438596492,Newsletter informativa trimestral
SYN009670,108365,I,MUY_BAJO,0.084793836,0.02,10.470175438596492,Newsletter informativa trimestral
SYN000314,14375,I,MUY_BAJO,0.08779671,0.02,10.470175438596492,Newsletter informativa trimestral
SYN006932,100632,I,MUY_BAJO,0.14450018,0.02,10.470175438596492,Newsletter informativa trimestral
SYN001604,106907,I,MUY_BAJO,0.10638903,0.02,10.470175438596492,Newsletter informativa trimestral
SYN006926,33516,I,MUY_BAJO,0.16933037,0.02,10.470175438596492,Newsletter informativa trimestral
SYN008249,105490,I,MUY_BAJO,0.073531926,0.02,10.470175438596492,Newsletter informativa trimestral
SYN002806,104831,I,MUY_BAJO,0.06518883,0.02,10.470175438596492,Newsletter informativa trimestral
SYN006919,100046,I,MUY_BAJO,0.093366675,0.02,10.470175438596492,Newsletter informativa trimestral
SYN008822,108219,I,MUY_BAJO,0.12710637,0.02,10.470175438596492,Newsletter informativa trimestral
SYN002813,105863,I,MUY_BAJO,0.08271601,0.02,10.470175438596492,Newsletter informativa trimestral
SYN009684,47797,I,MUY_BAJO,0.12077967,0.02,10.470175438596492,Newsletter informativa trimestral
SYN006912,108261,I,MUY_BAJO,0.067560345,0.02,10.470175438596492,Newsletter informativa trimestral
SYN006074,102858,I,MUY_BAJO,0.01679485,0.02,10.470175438596492,Newsletter informativa trimestral
SYN001590,101917,I,MUY_BAJO,0.052162282,0.02,10.470175438596492,Newsletter informativa trimestral
SYN006904,104173,I,MUY_BAJO,0.066176444,0.02,10.470175438596492,Newsletter informativa trimestral
SYN000291,107871,I,MUY_BAJO,0.16569655,0.02,10.470175438596492,Newsletter informativa trimestral
SYN002553,107359,I,MUY_BAJO,0.04363319,0.02,10.470175438596492,Newsletter informativa trimestral
SYN004335,101084,I,MUY_BAJO,0.11512215,0.02,10.470175438596492,Newsletter informativa trimestral
SYN006106,108288,I,MUY_BAJO,0.09989115,0.02,10.470175438596492,Newsletter informativa trimestral
SYN002003,105005,I,MUY_BAJO,0.09642923,0.02,10.470175438596492,Newsletter informativa trimestral
SYN004457,104047,I,MUY_BAJO,0.09272504,0.02,10.470175438596492,Newsletter informativa trimestral
SYN005773,108116,I,MUY_BAJO,0.1639667,0.02,10.470175438596492,Newsletter informativa trimestral
SYN003800,102653,I,MUY_BAJO,0.08606808,0.02,10.470175438596492,Newsletter informativa trimestral
SYN005774,101093,I,MUY_BAJO,0.15643664,0.02,10.470175438596492,Newsletter informativa trimestral
SYN000656,102008,I,MUY_BAJO,0.11512215,0.02,10.470175438596492,Newsletter informativa trimestral
SYN007744,104268,I,MUY_BAJO,0.15643664,0.02,10.470175438596492,Newsletter informativa trimestral
SYN007516,101752,I,MUY_BAJO,0.048372474,0.02,10.470175438596492,Newsletter informativa trimestral
SYN009122,102864,I,MUY_BAJO,0.06668282,0.02,10.470175438596492,Newsletter informativa trimestral
SYN009275,105180,I,MUY_BAJO,0.068691015,0.02,10.470175438596492,Newsletter informativa trimestral
SYN007778,103531,I,MUY_BAJO,0.09642923,0.02,10.470175438596492,Newsletter informativa trimestral
SYN002249,104520,I,MUY_BAJO,0.08606808,0.02,10.470175438596492,Newsletter informativa trimestral
SYN000796,100602,I,MUY_BAJO,0.11447791,0.02,10.470175438596492,Newsletter informativa trimestral
SYN007788,103124,I,MUY_BAJO,0.12237,0.02,10.470175438596492,Newsletter informativa trimestral
SYN009085,103730,I,MUY_BAJO,0.0730361,0.02,10.470175438596492,Newsletter informativa trimestral
SYN009106,103576,I,MUY_BAJO,0.09273589,0.02,10.470175438596492,Newsletter informativa trimestral
SYN005156,107723,I,MUY_BAJO,0.08616428,0.02,10.470175438596492,Newsletter informativa trimestral
SYN007459,101804,I,MUY_BAJO,0.09711554,0.02,10.470175438596492,Newsletter informativa trimestral
SYN000815,108025,I,MUY_BAJO,0.07117779,0.02,10.470175438596492,Newsletter informativa trimestral
SYN007811,107345,I,MUY_BAJO,0.122820735,0.02,10.470175438596492,Newsletter informativa trimestral
SYN005069,90721,I,MUY_BAJO,0.048121598,0.02,10.470175438596492,Newsletter informativa trimestral
SYN009091,107579,I,MUY_BAJO,0.12608643,0.02,10.470175438596492,Newsletter informativa trimestral
SYN002296,107162,I,MUY_BAJO,0.02603866,0.02,10.470175438596492,Newsletter informativa trimestral
SYN009326,100335,I,MUY_BAJO,0.11164284,0.02,10.470175438596492,Newsletter informativa trimestral
SYN005062,72111,I,MUY_BAJO,0.0679962,0.02,10.470175438596492,Newsletter informativa trimestral
SYN001965,105429,I,MUY_BAJO,0.09072733,0.02,10.470175438596492,Newsletter informativa trimestral
SYN002307,104600,I,MUY_BAJO,0.16014078,0.02,10.470175438596492,Newsletter informativa trimestral
SYN004402,100622,I,MUY_BAJO,0.112705484,0.02,10.470175438596492,Newsletter informativa trimestral
SYN005084,104787,I,MUY_BAJO,0.012773533,0.02,10.470175438596492,Newsletter informativa trimestral
SYN002206,105646,I,MUY_BAJO,0.1526637,0.02,10.470175438596492,Newsletter informativa trimestral
SYN003806,107971,I,MUY_BAJO,0.084793836,0.02,10.470175438596492,Newsletter informativa trimestral
SYN002118,104952,I,MUY_BAJO,0.14241041,0.02,10.470175438596492,Newsletter informativa trimestral
SYN005737,103811,I,MUY_BAJO,0.093528986,0.02,10.470175438596492,Newsletter informativa trimestral
SYN002131,106525,I,MUY_BAJO,0.09047057,0.02,10.470175438596492,Newsletter informativa trimestral
SYN000733,87291,I,MUY_BAJO,0.08779671,0.02,10.470175438596492,Newsletter informativa trimestral
SYN009205,104267,I,MUY_BAJO,0.06392596,0.02,10.470175438596492,Newsletter informativa trimestral
SYN007665,100716,I,MUY_BAJO,0.0761684,0.02,10.470175438596492,Newsletter informativa trimestral
SYN009180,100197,I,MUY_BAJO,0.06768714,0.02,10.470175438596492,Newsletter informativa trimestral
SYN003842,71301,I,MUY_BAJO,0.13857818,0.02,10.470175438596492,Newsletter informativa trimestral
SYN005728,58000,I,MUY_BAJO,0.14241041,0.02,10.470175438596492,Newsletter informativa trimestral
SYN005145,100217,I,MUY_BAJO,0.09310321,0.02,10.470175438596492,Newsletter informativa trimestral
SYN002087,106709,I,MUY_BAJO,0.065656185,0.02,10.470175438596492,Newsletter informativa trimestral
SYN007606,104405,I,MUY_BAJO,0.08271601,0.02,10.470175438596492,Newsletter informativa trimestral
SYN004440,107735,I,MUY_BAJO,0.1134233,0.02,10.470175438596492,Newsletter informativa trimestral
SYN007601,106566,I,MUY_BAJO,0.09642923,0.02,10.470175438596492,Newsletter informativa trimestral
SYN007687,2811,I,MUY_BAJO,0.096349575,0.02,10.470175438596492,Newsletter informativa trimestral
SYN003821,106818,I,MUY_BAJO,0.054926846,0.02,10.470175438596492,Newsletter informativa trimestral
SYN005712,106402,I,MUY_BAJO,0.0278547,0.02,10.470175438596492,Newsletter informativa trimestral
SYN007577,100084,I,MUY_BAJO,0.095643565,0.02,10.470175438596492,Newsletter informativa trimestral
SYN009154,105560,I,MUY_BAJO,0.066882536,0.02,10.470175438596492,Newsletter informativa trimestral
SYN005751,101019,I,MUY_BAJO,0.09553387,0.02,10.470175438596492,Newsletter informativa trimestral
SYN002058,107641,I,MUY_BAJO,0.16804478,0.02,10.470175438596492,Newsletter informativa trimestral
SYN007565,102352,I,MUY_BAJO,0.08108679,0.02,10.470175438596492,Newsletter informativa trimestral
SYN009238,106146,I,MUY_BAJO,0.13045602,0.02,10.470175438596492,Newsletter informativa trimestral
SYN009145,100064,I,MUY_BAJO,0.091744706,0.02,10.470175438596492,Newsletter informativa trimestral
SYN003861,79594,I,MUY_BAJO,0.0499381,0.02,10.470175438596492,Newsletter informativa trimestral
SYN007830,107782,I,MUY_BAJO,0.06500005,0.02,10.470175438596492,Newsletter informativa trimestral
SYN009079,100659,I,MUY_BAJO,0.09292159,0.02,10.470175438596492,Newsletter informativa trimestral
SYN002526,107717,I,MUY_BAJO,0.06429132,0.02,10.470175438596492,Newsletter informativa trimestral
SYN000516,100868,I,MUY_BAJO,0.12771463,0.02,10.470175438596492,Newsletter informativa trimestral
SYN007277,77649,I,MUY_BAJO,0.08141627,0.02,10.470175438596492,Newsletter informativa trimestral
SYN001865,98669,I,MUY_BAJO,0.16304636,0.02,10.470175438596492,Newsletter informativa trimestral
SYN005890,106942,I,MUY_BAJO,0.09244213,0.02,10.470175438596492,Newsletter informativa trimestral
SYN000528,103649,I,MUY_BAJO,0.065656185,0.02,10.470175438596492,Newsletter informativa trimestral
SYN007266,1380,I,MUY_BAJO,0.065778986,0.02,10.470175438596492,Newsletter informativa trimestral
SYN004352,12824,I,MUY_BAJO,0.07791119,0.02,10.470175438596492,Newsletter informativa trimestral
SYN001859,103645,I,MUY_BAJO,0.04483802,0.02,10.470175438596492,Newsletter informativa trimestral
SYN004349,108366,I,MUY_BAJO,0.1658589,0.02,10.470175438596492,Newsletter informativa trimestral
SYN005893,103977,I,MUY_BAJO,0.08082895,0.02,10.470175438596492,Newsletter informativa trimestral
SYN000884,101457,I,MUY_BAJO,0.12909763,0.02,10.470175438596492,Newsletter informativa trimestral
SYN000518,24604,I,MUY_BAJO,0.12687993,0.02,10.470175438596492,Newsletter informativa trimestral
SYN009007,103562,I,MUY_BAJO,0.11213023,0.02,10.470175438596492,Newsletter informativa trimestral
SYN009431,100535,I,MUY_BAJO,0.124192126,0.02,10.470175438596492,Newsletter informativa trimestral
SYN001950,102473,I,MUY_BAJO,0.11908821,0.02,10.470175438596492,Newsletter informativa trimestral
SYN005203,102480,I,MUY_BAJO,0.09622719,0.02,10.470175438596492,Newsletter informativa trimestral
SYN003938,100914,I,MUY_BAJO,0.12710637,0.02,10.470175438596492,Newsletter informativa trimestral
SYN005623,101615,I,MUY_BAJO,0.05002252,0.02,10.470175438596492,Newsletter informativa trimestral
SYN007963,108360,I,MUY_BAJO,0.0499381,0.02,10.470175438596492,Newsletter informativa trimestral
SYN002499,101223,I,MUY_BAJO,0.09750137,0.02,10.470175438596492,Newsletter informativa trimestral
SYN009465,107058,I,MUY_BAJO,0.10601429,0.02,10.470175438596492,Newsletter informativa trimestral
SYN000906,102910,I,MUY_BAJO,0.1093086,0.02,10.470175438596492,Newsletter informativa trimestral
SYN002504,104188,I,MUY_BAJO,0.13646361,0.02,10.470175438596492,Newsletter informativa trimestral
SYN001825,43976,I,MUY_BAJO,0.06688312,0.02,10.470175438596492,Newsletter informativa trimestral
SYN009474,106653,I,MUY_BAJO,0.14264141,0.02,10.470175438596492,Newsletter informativa trimestral
SYN008963,102257,I,MUY_BAJO,0.11966377,0.02,10.470175438596492,Newsletter informativa trimestral
SYN009482,100601,I,MUY_BAJO,0.0660629,0.02,10.470175438596492,Newsletter informativa trimestral
SYN000875,5062,I,MUY_BAJO,0.068732455,0.02,10.470175438596492,Newsletter informativa trimestral
SYN000536,103921,I,MUY_BAJO,0.07222458,0.02,10.470175438596492,Newsletter informativa trimestral
SYN001872,103899,I,MUY_BAJO,0.12237,0.02,10.470175438596492,Newsletter informativa trimestral
SYN004511,104548,I,MUY_BAJO,0.032274522,0.02,10.470175438596492,Newsletter informativa trimestral
SYN003738,106741,I,MUY_BAJO,0.17064415,0.02,10.470175438596492,Newsletter informativa trimestral
SYN003900,103159,I,MUY_BAJO,0.0972343,0.02,10.470175438596492,Newsletter informativa trimestral
SYN000587,101069,I,MUY_BAJO,0.07881276,0.02,10.470175438596492,Newsletter informativa trimestral
SYN009360,101310,I,MUY_BAJO,0.09322618,0.02,10.470175438596492,Newsletter informativa trimestral
SYN002345,102377,I,MUY_BAJO,0.08108679,0.02,10.470175438596492,Newsletter informativa trimestral
SYN007869,107698,I,MUY_BAJO,0.12776165,0.02,10.470175438596492,Newsletter informativa trimestral
SYN002347,105866,I,MUY_BAJO,0.051328026,0.02,10.470175438596492,Newsletter informativa trimestral
SYN005037,108471,I,MUY_BAJO,0.14646433,0.02,10.470175438596492,Newsletter informativa trimestral
SYN007369,108493,I,MUY_BAJO,0.1012363,0.02,10.470175438596492,Newsletter informativa trimestral
SYN007365,101274,I,MUY_BAJO,0.06690447,0.02,10.470175438596492,Newsletter informativa trimestral
SYN002369,103483,I,MUY_BAJO,0.08614066,0.02,10.470175438596492,Newsletter informativa trimestral
SYN000564,103716,I,MUY_BAJO,0.10088502,0.02,10.470175438596492,Newsletter informativa trimestral
SYN007341,100212,I,MUY_BAJO,0.07136996,0.02,10.470175438596492,Newsletter informativa trimestral
SYN001902,104823,I,MUY_BAJO,0.052130777,0.02,10.470175438596492,Newsletter informativa trimestral
SYN003916,102810,I,MUY_BAJO,0.09272504,0.02,10.470175438596492,Newsletter informativa trimestral
SYN000558,103630,I,MUY_BAJO,0.15171085,0.02,10.470175438596492,Newsletter informativa trimestral
SYN000861,107797,I,MUY_BAJO,0.112274475,0.02,10.470175438596492,Newsletter informativa trimestral
SYN007913,101920,I,MUY_BAJO,0.08793075,0.02,10.470175438596492,Newsletter informativa trimestral
SYN007318,101769,I,MUY_BAJO,0.11987455,0.02,10.470175438596492,Newsletter informativa trimestral
SYN007315,48474,I,MUY_BAJO,0.1165216,0.02,10.470175438596492,Newsletter informativa trimestral
SYN007307,103312,I,MUY_BAJO,0.095650904,0.02,10.470175438596492,Newsletter informativa trimestral
SYN009409,106749,I,MUY_BAJO,0.1378408,0.02,10.470175438596492,Newsletter informativa trimestral
SYN007916,104907,I,MUY_BAJO,0.06757844,0.02,10.470175438596492,Newsletter informativa trimestral
SYN003925,104147,I,MUY_BAJO,0.19601946,0.02,10.470175438596492,Newsletter informativa trimestral
SYN007927,105616,I,MUY_BAJO,0.16063693,0.02,10.470175438596492,Newsletter informativa trimestral
SYN009742,107646,I,MUY_BAJO,0.11447791,0.02,10.470175438596492,Newsletter informativa trimestral
SYN004023,101700,I,MUY_BAJO,0.1326137,0.02,10.470175438596492,Newsletter informativa trimestral
SYN003120,106172,I,MUY_BAJO,0.09101381,0.02,10.470175438596492,Newsletter informativa trimestral
SYN000185,103813,I,MUY_BAJO,0.12437268,0.02,10.470175438596492,Newsletter informativa trimestral
SYN004131,108335,I,MUY_BAJO,0.12101595,0.02,10.470175438596492,Newsletter informativa trimestral
SYN008543,17712,I,MUY_BAJO,0.067560345,0.02,10.470175438596492,Newsletter informativa trimestral
SYN004235,107733,I,MUY_BAJO,0.05203719,0.02,10.470175438596492,Newsletter informativa trimestral
SYN005344,100904,I,MUY_BAJO,0.17133704,0.02,10.470175438596492,Newsletter informativa trimestral
SYN009820,39484,I,MUY_BAJO,0.09310321,0.02,10.470175438596492,Newsletter informativa trimestral
SYN006409,107028,I,MUY_BAJO,0.06690447,0.02,10.470175438596492,Newsletter informativa trimestral
SYN003014,107082,I,MUY_BAJO,0.09651978,0.02,10.470175438596492,Newsletter informativa trimestral
SYN003007,107948,I,MUY_BAJO,0.06668282,0.02,10.470175438596492,Newsletter informativa trimestral
SYN009874,107976,I,MUY_BAJO,0.08271601,0.02,10.470175438596492,Newsletter informativa trimestral
SYN006259,104178,I,MUY_BAJO,0.10638903,0.02,10.470175438596492,Newsletter informativa trimestral
SYN000074,103503,I,MUY_BAJO,0.09245672,0.02,10.470175438596492,Newsletter informativa trimestral
SYN009876,98788,I,MUY_BAJO,0.09322618,0.02,10.470175438596492,Newsletter informativa trimestral
SYN001351,106541,I,MUY_BAJO,0.050450403,0.02,10.470175438596492,Newsletter informativa trimestral
SYN005392,104740,I,MUY_BAJO,0.0499381,0.02,10.470175438596492,Newsletter informativa trimestral
SYN006274,105249,I,MUY_BAJO,0.06690447,0.02,10.470175438596492,Newsletter informativa trimestral
SYN003101,107008,I,MUY_BAJO,0.11348006,0.02,10.470175438596492,Newsletter informativa trimestral
SYN000119,102595,I,MUY_BAJO,0.06802612,0.02,10.470175438596492,Newsletter informativa trimestral
SYN004246,105284,I,MUY_BAJO,0.12025212,0.02,10.470175438596492,Newsletter informativa trimestral
SYN002991,108209,I,MUY_BAJO,0.18007334,0.02,10.470175438596492,Newsletter informativa trimestral
SYN001291,106058,I,MUY_BAJO,0.083539836,0.02,10.470175438596492,Newsletter informativa trimestral
SYN003345,106194,I,MUY_BAJO,0.048394196,0.02,10.470175438596492,Newsletter informativa trimestral
SYN002988,103357,I,MUY_BAJO,0.020983972,0.02,10.470175438596492,Newsletter informativa trimestral
SYN008688,102332,I,MUY_BAJO,0.09461974,0.02,10.470175438596492,Newsletter informativa trimestral
SYN006273,105544,I,MUY_BAJO,0.11901838,0.02,10.470175438596492,Newsletter informativa trimestral
SYN001114,107260,I,MUY_BAJO,0.1526637,0.02,10.470175438596492,Newsletter informativa trimestral
SYN002976,106369,I,MUY_BAJO,0.069664426,0.02,10.470175438596492,Newsletter informativa trimestral
SYN000024,105114,I,MUY_BAJO,0.09399273,0.02,10.470175438596492,Newsletter informativa trimestral
SYN009917,102559,I,MUY_BAJO,0.14264141,0.02,10.470175438596492,Newsletter informativa trimestral
SYN009867,106732,I,MUY_BAJO,0.06500005,0.02,10.470175438596492,Newsletter informativa trimestral
SYN003448,102362,I,MUY_BAJO,0.12217295,0.02,10.470175438596492,Newsletter informativa trimestral
SYN008512,100209,I,MUY_BAJO,0.029762637,0.02,10.470175438596492,Newsletter informativa trimestral
SYN003178,107529,I,MUY_BAJO,0.15483281,0.02,10.470175438596492,Newsletter informativa trimestral
SYN009938,106149,I,MUY_BAJO,0.06673937,0.02,10.470175438596492,Newsletter informativa trimestral
SYN000146,101795,I,MUY_BAJO,0.12437268,0.02,10.470175438596492,Newsletter informativa trimestral
SYN009846,102261,I,MUY_BAJO,0.13533194,0.02,10.470175438596492,Newsletter informativa trimestral
SYN006177,100839,I,MUY_BAJO,0.06500005,0.02,10.470175438596492,Newsletter informativa trimestral
SYN006642,100857,I,MUY_BAJO,0.08082895,0.02,10.470175438596492,Newsletter informativa trimestral
SYN006174,105799,I,MUY_BAJO,0.17812644,0.02,10.470175438596492,Newsletter informativa trimestral
SYN006646,19760,I,MUY_BAJO,0.02015991,0.02,10.470175438596492,Newsletter informativa trimestral
SYN006463,106495,I,MUY_BAJO,0.09244213,0.02,10.470175438596492,Newsletter informativa trimestral
SYN006632,105996,I,MUY_BAJO,0.08271601,0.02,10.470175438596492,Newsletter informativa trimestral
SYN003058,106711,I,MUY_BAJO,0.09701714,0.02,10.470175438596492,Newsletter informativa trimestral
SYN006185,103403,I,MUY_BAJO,0.011203395,0.02,10.470175438596492,Newsletter informativa trimestral
SYN001204,108397,I,MUY_BAJO,0.10912643,0.02,10.470175438596492,Newsletter informativa trimestral
SYN000064,79306,I,MUY_BAJO,0.080351055,0.02,10.470175438596492,Newsletter informativa trimestral
SYN001450,66900,I,MUY_BAJO,0.07001256,0.02,10.470175438596492,Newsletter informativa trimestral
SYN008737,105153,I,MUY_BAJO,0.11447791,0.02,10.470175438596492,Newsletter informativa trimestral
SYN003184,105574,I,MUY_BAJO,0.16295709,0.02,10.470175438596492,Newsletter informativa trimestral
SYN006484,104363,I,MUY_BAJO,0.024747679,0.02,10.470175438596492,Newsletter informativa trimestral
SYN006448,40062,I,MUY_BAJO,0.095650904,0.02,10.470175438596492,Newsletter informativa trimestral
SYN006489,107017,I,MUY_BAJO,0.14824992,0.02,10.470175438596492,Newsletter informativa trimestral
SYN001322,103350,I,MUY_BAJO,0.12247642,0.02,10.470175438596492,Newsletter informativa trimestral
SYN001454,105403,I,MUY_BAJO,0.094848536,0.02,10.470175438596492,Newsletter informativa trimestral
SYN008725,108499,I,MUY_BAJO,0.09469436,0.02,10.470175438596492,Newsletter informativa trimestral
SYN001424,107819,I,MUY_BAJO,0.1483699,0.02,10.470175438596492,Newsletter informativa trimestral
SYN003424,108258,I,MUY_BAJO,0.09273589,0.02,10.470175438596492,Newsletter informativa trimestral
SYN009827,103081,I,MUY_BAJO,0.06690447,0.02,10.470175438596492,Newsletter informativa trimestral
SYN006604,105586,I,MUY_BAJO,0.08646264,0.02,10.470175438596492,Newsletter informativa trimestral
SYN008537,102995,I,MUY_BAJO,0.12385991,0.02,10.470175438596492,Newsletter informativa trimestral
SYN002972,63362,I,MUY_BAJO,0.13892885,0.02,10.470175438596492,Newsletter informativa trimestral
SYN000147,105175,I,MUY_BAJO,0.07881276,0.02,10.470175438596492,Newsletter informativa trimestral
SYN001390,102805,I,MUY_BAJO,0.11663825,0.02,10.470175438596492,Newsletter informativa trimestral
SYN001279,104289,I,MUY_BAJO,0.1126389,0.02,10.470175438596492,Newsletter informativa trimestral
SYN001250,100576,I,MUY_BAJO,0.12437268,0.02,10.470175438596492,Newsletter informativa trimestral
SYN006555,101892,I,MUY_BAJO,0.12317494,0.02,10.470175438596492,Newsletter informativa trimestral
SYN001376,101679,I,MUY_BAJO,0.16718136,0.02,10.470175438596492,Newsletter informativa trimestral
SYN008497,32618,I,MUY_BAJO,0.1675666,0.02,10.470175438596492,Newsletter informativa trimestral
SYN006321,104849,I,MUY_BAJO,0.08793075,0.02,10.470175438596492,Newsletter informativa trimestral
SYN006544,67270,I,MUY_BAJO,0.119804315,0.02,10.470175438596492,Newsletter informativa trimestral
SYN008767,107745,I,MUY_BAJO,0.09989115,0.02,10.470175438596492,Newsletter informativa trimestral
SYN008776,102719,I,MUY_BAJO,0.04977248,0.02,10.470175438596492,Newsletter informativa trimestral
SYN001502,78650,I,MUY_BAJO,0.08727017,0.02,10.470175438596492,Newsletter informativa trimestral
SYN008324,108429,I,MUY_BAJO,0.08458861,0.02,10.470175438596492,Newsletter informativa trimestral
SYN006765,102521,I,MUY_BAJO,0.095650904,0.02,10.470175438596492,Newsletter informativa trimestral
SYN003107,104599,I,MUY_BAJO,0.0730361,0.02,10.470175438596492,Newsletter informativa trimestral
SYN001270,108401,I,MUY_BAJO,0.10529557,0.02,10.470175438596492,Newsletter informativa trimestral
SYN000091,104408,I,MUY_BAJO,0.15947124,0.02,10.470175438596492,Newsletter informativa trimestral
SYN008339,100861,I,MUY_BAJO,0.12697688,0.02,10.470175438596492,Newsletter informativa trimestral
SYN006361,101574,I,MUY_BAJO,0.0455575,0.02,10.470175438596492,Newsletter informativa trimestral
SYN006540,107067,I,MUY_BAJO,0.084793836,0.02,10.470175438596492,Newsletter informativa trimestral
SYN008341,53592,I,MUY_BAJO,0.0723342,0.02,10.470175438596492,Newsletter informativa trimestral
SYN006127,104063,I,MUY_BAJO,0.069664426,0.02,10.470175438596492,Newsletter informativa trimestral
SYN001522,103386,I,MUY_BAJO,0.011489342,0.02,10.470175438596492,Newsletter informativa trimestral
SYN009757,91400,I,MUY_BAJO,0.11119402,0.02,10.470175438596492,Newsletter informativa trimestral
SYN000003,102250,I,MUY_BAJO,0.090892926,0.02,10.470175438596492,Newsletter informativa trimestral
SYN002967,42177,I,MUY_BAJO,0.08930613,0.02,10.470175438596492,Newsletter informativa trimestral
SYN009781,105073,I,MUY_BAJO,0.051638655,0.02,10.470175438596492,Newsletter informativa trimestral
SYN008488,103913,I,MUY_BAJO,0.0738279,0.02,10.470175438596492,Newsletter informativa trimestral
SYN004185,108272,I,MUY_BAJO,0.05203719,0.02,10.470175438596492,Newsletter informativa trimestral
SYN004082,101037,I,MUY_BAJO,0.07001256,0.02,10.470175438596492,Newsletter informativa trimestral
SYN002912,102718,I,MUY_BAJO,0.0679962,0.02,10.470175438596492,Newsletter informativa trimestral
SYN001085,100820,I,MUY_BAJO,0.08451356,0.02,10.470175438596492,Newsletter informativa trimestral
SYN004149,101013,I,MUY_BAJO,0.1165216,0.02,10.470175438596492,Newsletter informativa trimestral
SYN001398,100497,I,MUY_BAJO,0.0455575,0.02,10.470175438596492,Newsletter informativa trimestral
SYN001364,103419,I,MUY_BAJO,0.08899644,0.02,10.470175438596492,Newsletter informativa trimestral
SYN003270,107817,I,MUY_BAJO,0.11447791,0.02,10.470175438596492,Newsletter informativa trimestral
SYN003130,100869,I,MUY_BAJO,0.172823,0.02,10.470175438596492,Newsletter informativa trimestral
SYN006133,103761,I,MUY_BAJO,0.095130794,0.02,10.470175438596492,Newsletter informativa trimestral
SYN004678,107553,I,BAJO,0.20089172,0.05,8.517543859649123,Programa de puntos de fidelización
SYN001438,103533,I,BAJO,0.29452246,0.05,8.517543859649123,Programa de puntos de fidelización
SYN007081,102897,I,BAJO,0.29452246,0.05,8.517543859649123,Programa de puntos de fidelización
SYN007663,104060,I,BAJO,0.28037712,0.05,8.517543859649123,Programa de puntos de fidelización
SYN008413,104309,I,BAJO,0.20546825,0.05,8.517543859649123,Programa de puntos de fidelización
SYN005163,107189,I,BAJO,0.3957738,0.05,8.517543859649123,Programa de puntos de fidelización
SYN001845,12317,I,BAJO,0.2677655,0.05,8.517543859649123,Programa de puntos de fidelización
SYN001722,95070,I,BAJO,0.20089172,0.05,8.517543859649123,Programa de puntos de fidelización
SYN001286,107801,I,BAJO,0.2506585,0.05,8.517543859649123,Programa de puntos de fidelización
SYN007346,104121,I,BAJO,0.27882162,0.05,8.517543859649123,Programa de puntos de fidelización
SYN001235,102501,I,BAJO,0.2991455,0.05,8.517543859649123,Programa de puntos de fidelización
SYN005699,72353,I,BAJO,0.2738321,0.05,8.517543859649123,Programa de puntos de fidelización
SYN007736,106922,I,BAJO,0.28162572,0.05,8.517543859649123,Programa de puntos de fidelización
SYN009776,87737,I,BAJO,0.23815511,0.05,8.517543859649123,Programa de puntos de fidelización
SYN003153,106086,I,BAJO,0.21055996,0.05,8.517543859649123,Programa de puntos de fidelización
SYN005585,101526,I,BAJO,0.283297,0.05,8.517543859649123,Programa de puntos de fidelización
SYN005700,108020,I,BAJO,0.20089172,0.05,8.517543859649123,Programa de puntos de fidelización
SYN000563,105874,I,BAJO,0.2677655,0.05,8.517543859649123,Programa de puntos de fidelización
SYN008200,104568,I,BAJO,0.3957738,0.05,8.517543859649123,Programa de puntos de fidelización
SYN007911,108165,I,MEDIO,0.48823446,0.08,6.564912280701755,Recordatorio SMS próxima revisión
SYN001935,104441,I,MEDIO,0.54790145,0.08,6.564912280701755,Recordatorio SMS próxima revisión
SYN007892,102928,I,MEDIO,0.5280217,0.08,6.564912280701755,Recordatorio SMS próxima revisión
SYN003905,107224,I,MEDIO,0.4600006,0.08,6.564912280701755,Recordatorio SMS próxima revisión
SYN005659,101443,I,MEDIO,0.5605578,0.08,6.564912280701755,Recordatorio SMS próxima revisión
SYN001876,103324,I,MEDIO,0.45512998,0.08,6.564912280701755,Recordatorio SMS próxima revisión
SYN001365,100814,I,MEDIO,0.5327706,0.08,6.564912280701755,Recordatorio SMS próxima revisión
SYN005643,103075,I,MEDIO,0.41080627,0.08,6.564912280701755,Recordatorio SMS próxima revisión
SYN007908,103836,I,MEDIO,0.5797683,0.08,6.564912280701755,Recordatorio SMS próxima revisión
SYN008513,100061,I,MEDIO,0.53456324,0.08,6.564912280701755,Recordatorio SMS próxima revisión
SYN001356,107514,I,MEDIO,0.54226226,0.08,6.564912280701755,Recordatorio SMS próxima revisión
SYN001346,105847,I,MEDIO,0.5327706,0.08,6.564912280701755,Recordatorio SMS próxima revisión
SYN001880,105793,I,MEDIO,0.48482135,0.08,6.564912280701755,Recordatorio SMS próxima revisión
SYN008489,100297,I,MEDIO,0.5916513,0.08,6.564912280701755,Recordatorio SMS próxima revisión
SYN005424,100983,I,MEDIO,0.4769373,0.08,6.564912280701755,Recordatorio SMS próxima revisión
SYN007915,106674,I,MEDIO,0.5295828,0.08,6.564912280701755,Recordatorio SMS próxima revisión
SYN008503,105235,I,MEDIO,0.54602796,0.08,6.564912280701755,Recordatorio SMS próxima revisión
SYN001883,106917,I,MEDIO,0.45142108,0.08,6.564912280701755,Recordatorio SMS próxima revisión
SYN001943,102475,I,MEDIO,0.49635687,0.08,6.564912280701755,Recordatorio SMS próxima revisión
SYN001882,101575,I,MEDIO,0.41156304,0.08,6.564912280701755,Recordatorio SMS próxima revisión
SYN005664,102058,I,MEDIO,0.48482135,0.08,6.564912280701755,Recordatorio SMS próxima revisión
SYN007842,100802,I,MEDIO,0.4689475,0.08,6.564912280701755,Recordatorio SMS próxima revisión
SYN001948,101879,I,MEDIO,0.46462163,0.08,6.564912280701755,Recordatorio SMS próxima revisión
SYN001380,104474,I,MEDIO,0.5860723,0.08,6.564912280701755,Recordatorio SMS próxima revisión
SYN005432,104218,I,MEDIO,0.5541709,0.08,6.564912280701755,Recordatorio SMS próxima revisión
SYN007865,102164,I,MEDIO,0.4689475,0.08,6.564912280701755,Recordatorio SMS próxima revisión
SYN005629,106526,I,MEDIO,0.5284418,0.08,6.564912280701755,Recordatorio SMS próxima revisión
SYN001377,4744,I,MEDIO,0.48787475,0.08,6.564912280701755,Recordatorio SMS próxima revisión
SYN007874,99557,I,MEDIO,0.47333845,0.08,6.564912280701755,Recordatorio SMS próxima revisión
SYN003929,771,I,MEDIO,0.46462163,0.08,6.564912280701755,Recordatorio SMS próxima revisión
SYN001904,106017,I,MEDIO,0.5777576,0.08,6.564912280701755,Recordatorio SMS próxima revisión
SYN007890,108189,I,MEDIO,0.5152996,0.08,6.564912280701755,Recordatorio SMS próxima revisión
SYN001916,106862,I,MEDIO,0.5296999,0.08,6.564912280701755,Recordatorio SMS próxima revisión
SYN005654,108487,I,MEDIO,0.54818624,0.08,6.564912280701755,Recordatorio SMS próxima revisión
SYN001369,62692,I,MEDIO,0.5284418,0.08,6.564912280701755,Recordatorio SMS próxima revisión
SYN001349,101487,I,MEDIO,0.585789,0.08,6.564912280701755,Recordatorio SMS próxima revisión
SYN005635,100686,I,MEDIO,0.5471938,0.08,6.564912280701755,Recordatorio SMS próxima revisión
SYN007880,103409,I,MEDIO,0.4859637,0.08,6.564912280701755,Recordatorio SMS próxima revisión
SYN005631,103098,I,MEDIO,0.45771587,0.08,6.564912280701755,Recordatorio SMS próxima revisión
SYN007878,102156,I,MEDIO,0.5296922,0.08,6.564912280701755,Recordatorio SMS próxima revisión
SYN008511,101430,I,MEDIO,0.53456324,0.08,6.564912280701755,Recordatorio SMS próxima revisión
SYN005655,102667,I,MEDIO,0.47880226,0.08,6.564912280701755,Recordatorio SMS próxima revisión
SYN007951,103741,I,MEDIO,0.5469915,0.08,6.564912280701755,Recordatorio SMS próxima revisión
SYN001347,101624,I,MEDIO,0.4689475,0.08,6.564912280701755,Recordatorio SMS próxima revisión
SYN001371,104300,I,MEDIO,0.5432396,0.08,6.564912280701755,Recordatorio SMS próxima revisión
SYN005435,105459,I,MEDIO,0.5645029,0.08,6.564912280701755,Recordatorio SMS próxima revisión
SYN001925,105768,I,MEDIO,0.57202286,0.08,6.564912280701755,Recordatorio SMS próxima revisión
SYN008493,104022,I,MEDIO,0.5482559,0.08,6.564912280701755,Recordatorio SMS próxima revisión
SYN007905,101749,I,MEDIO,0.49635687,0.08,6.564912280701755,Recordatorio SMS próxima revisión
SYN007870,102545,I,MEDIO,0.5979173,0.08,6.564912280701755,Recordatorio SMS próxima revisión
SYN007943,101174,I,MEDIO,0.5531247,0.08,6.564912280701755,Recordatorio SMS próxima revisión
SYN001928,102509,I,MEDIO,0.4801536,0.08,6.564912280701755,Recordatorio SMS próxima revisión
SYN008498,101038,I,MEDIO,0.5423413,0.08,6.564912280701755,Recordatorio SMS próxima revisión
SYN007929,107624,I,MEDIO,0.5173166,0.08,6.564912280701755,Recordatorio SMS próxima revisión
SYN004156,100797,I,MEDIO,0.5860723,0.08,6.564912280701755,Recordatorio SMS próxima revisión
SYN001893,105913,I,MEDIO,0.53394794,0.08,6.564912280701755,Recordatorio SMS próxima revisión
SYN001530,101691,I,MEDIO,0.48346505,0.08,6.564912280701755,Recordatorio SMS próxima revisión
SYN007838,101905,I,MEDIO,0.564421,0.08,6.564912280701755,Recordatorio SMS próxima revisión
SYN007722,107753,I,MEDIO,0.55696994,0.08,6.564912280701755,Recordatorio SMS próxima revisión
SYN007691,101432,I,MEDIO,0.48482135,0.08,6.564912280701755,Recordatorio SMS próxima revisión
SYN004186,105752,I,MEDIO,0.54857314,0.08,6.564912280701755,Recordatorio SMS próxima revisión
SYN007694,24247,I,MEDIO,0.56336075,0.08,6.564912280701755,Recordatorio SMS próxima revisión
SYN007703,104182,I,MEDIO,0.56981015,0.08,6.564912280701755,Recordatorio SMS próxima revisión
SYN007709,59550,I,MEDIO,0.49325347,0.08,6.564912280701755,Recordatorio SMS próxima revisión
SYN007710,100546,I,MEDIO,0.5987266,0.08,6.564912280701755,Recordatorio SMS próxima revisión
SYN002063,23711,I,MEDIO,0.54703563,0.08,6.564912280701755,Recordatorio SMS próxima revisión
SYN003855,104469,I,MEDIO,0.56170493,0.08,6.564912280701755,Recordatorio SMS próxima revisión
SYN005711,72138,I,MEDIO,0.4820991,0.08,6.564912280701755,Recordatorio SMS próxima revisión
SYN007720,80381,I,MEDIO,0.51154023,0.08,6.564912280701755,Recordatorio SMS próxima revisión
SYN002053,98901,I,MEDIO,0.52649605,0.08,6.564912280701755,Recordatorio SMS próxima revisión
SYN001278,102445,I,MEDIO,0.51138455,0.08,6.564912280701755,Recordatorio SMS próxima revisión
SYN002052,101161,I,MEDIO,0.5913139,0.08,6.564912280701755,Recordatorio SMS próxima revisión
SYN008570,107803,I,MEDIO,0.46919385,0.08,6.564912280701755,Recordatorio SMS próxima revisión
SYN002042,51481,I,MEDIO,0.41156304,0.08,6.564912280701755,Recordatorio SMS próxima revisión
SYN008569,105568,I,MEDIO,0.5913139,0.08,6.564912280701755,Recordatorio SMS próxima revisión
SYN002039,100990,I,MEDIO,0.57126814,0.08,6.564912280701755,Recordatorio SMS próxima revisión
SYN007729,106073,I,MEDIO,0.4801536,0.08,6.564912280701755,Recordatorio SMS próxima revisión
SYN005389,102736,I,MEDIO,0.5807365,0.08,6.564912280701755,Recordatorio SMS próxima revisión
SYN002033,103258,I,MEDIO,0.5911019,0.08,6.564912280701755,Recordatorio SMS próxima revisión
SYN007734,100770,I,MEDIO,0.54259616,0.08,6.564912280701755,Recordatorio SMS próxima revisión
SYN007741,108207,I,MEDIO,0.46462163,0.08,6.564912280701755,Recordatorio SMS próxima revisión
SYN007690,102643,I,MEDIO,0.5874091,0.08,6.564912280701755,Recordatorio SMS próxima revisión
SYN007685,104929,I,MEDIO,0.44697192,0.08,6.564912280701755,Recordatorio SMS próxima revisión
SYN008516,104091,I,MEDIO,0.52088624,0.08,6.564912280701755,Recordatorio SMS próxima revisión
SYN005729,103845,I,MEDIO,0.49635687,0.08,6.564912280701755,Recordatorio SMS próxima revisión
SYN008600,108309,I,MEDIO,0.5965422,0.08,6.564912280701755,Recordatorio SMS próxima revisión
SYN005731,103012,I,MEDIO,0.55037826,0.08,6.564912280701755,Recordatorio SMS próxima revisión
SYN008598,105118,I,MEDIO,0.5030631,0.08,6.564912280701755,Recordatorio SMS próxima revisión
SYN003834,100721,I,MEDIO,0.5323071,0.08,6.564912280701755,Recordatorio SMS próxima revisión
SYN003837,106693,I,MEDIO,0.49093434,0.08,6.564912280701755,Recordatorio SMS próxima revisión
SYN003838,53666,I,MEDIO,0.54857314,0.08,6.564912280701755,Recordatorio SMS próxima revisión
SYN002105,104151,I,MEDIO,0.5576706,0.08,6.564912280701755,Recordatorio SMS próxima revisión
SYN004196,101321,I,MEDIO,0.55390924,0.08,6.564912280701755,Recordatorio SMS próxima revisión
SYN002103,102402,I,MEDIO,0.58022887,0.08,6.564912280701755,Recordatorio SMS próxima revisión
SYN008594,52606,I,MEDIO,0.4994125,0.08,6.564912280701755,Recordatorio SMS próxima revisión
SYN007667,16860,I,MEDIO,0.59545445,0.08,6.564912280701755,Recordatorio SMS próxima revisión
SYN005383,44535,I,MEDIO,0.57690006,0.08,6.564912280701755,Recordatorio SMS próxima revisión
SYN002095,24436,I,MEDIO,0.5797683,0.08,6.564912280701755,Recordatorio SMS próxima revisión
SYN004193,106998,I,MEDIO,0.46426564,0.08,6.564912280701755,Recordatorio SMS próxima revisión
SYN005379,104720,I,MEDIO,0.5470043,0.08,6.564912280701755,Recordatorio SMS próxima revisión
SYN002090,106642,I,MEDIO,0.55465347,0.08,6.564912280701755,Recordatorio SMS próxima revisión
SYN001271,105615,I,MEDIO,0.4859637,0.08,6.564912280701755,Recordatorio SMS próxima revisión
SYN008586,23159,I,MEDIO,0.4866884,0.08,6.564912280701755,Recordatorio SMS próxima revisión
SYN002084,106970,I,MEDIO,0.46768925,0.08,6.564912280701755,Recordatorio SMS próxima revisión
SYN002083,101867,I,MEDIO,0.46462163,0.08,6.564912280701755,Recordatorio SMS próxima revisión
SYN001273,66514,I,MEDIO,0.44549876,0.08,6.564912280701755,Recordatorio SMS próxima revisión
SYN005714,105774,I,MEDIO,0.48787475,0.08,6.564912280701755,Recordatorio SMS próxima revisión
SYN002026,103940,I,MEDIO,0.5777576,0.08,6.564912280701755,Recordatorio SMS próxima revisión
SYN001300,105110,I,MEDIO,0.51367927,0.08,6.564912280701755,Recordatorio SMS próxima revisión
SYN008555,101027,I,MEDIO,0.5815488,0.08,6.564912280701755,Recordatorio SMS próxima revisión
SYN008524,105213,I,MEDIO,0.4820991,0.08,6.564912280701755,Recordatorio SMS próxima revisión
SYN007799,104263,I,MEDIO,0.4689475,0.08,6.564912280701755,Recordatorio SMS próxima revisión
SYN005681,25396,I,MEDIO,0.4769373,0.08,6.564912280701755,Recordatorio SMS próxima revisión
SYN005680,49420,I,MEDIO,0.5319508,0.08,6.564912280701755,Recordatorio SMS próxima revisión
SYN003890,105215,I,MEDIO,0.54123086,0.08,6.564912280701755,Recordatorio SMS próxima revisión
SYN007954,104443,I,MEDIO,0.48982203,0.08,6.564912280701755,Recordatorio SMS próxima revisión
SYN007810,107586,I,MEDIO,0.5807365,0.08,6.564912280701755,Recordatorio SMS próxima revisión
SYN005408,47993,I,MEDIO,0.56629115,0.08,6.564912280701755,Recordatorio SMS próxima revisión
SYN001325,38676,I,MEDIO,0.53977805,0.08,6.564912280701755,Recordatorio SMS próxima revisión
SYN008528,103261,I,MEDIO,0.5797683,0.08,6.564912280701755,Recordatorio SMS próxima revisión
SYN008526,100948,I,MEDIO,0.54857314,0.08,6.564912280701755,Recordatorio SMS próxima revisión
SYN007812,107245,I,MEDIO,0.4876294,0.08,6.564912280701755,Recordatorio SMS próxima revisión
SYN001306,19840,I,MEDIO,0.4418374,0.08,6.564912280701755,Recordatorio SMS próxima revisión
SYN007814,103478,I,MEDIO,0.4685911,0.08,6.564912280701755,Recordatorio SMS próxima revisión
SYN007816,103668,I,MEDIO,0.45265028,0.08,6.564912280701755,Recordatorio SMS próxima revisión
SYN003893,100758,I,MEDIO,0.53422594,0.08,6.564912280701755,Recordatorio SMS próxima revisión
SYN008523,103768,I,MEDIO,0.5782467,0.08,6.564912280701755,Recordatorio SMS próxima revisión
SYN001336,101780,I,MEDIO,0.5635664,0.08,6.564912280701755,Recordatorio SMS próxima revisión
SYN007824,103736,I,MEDIO,0.51078844,0.08,6.564912280701755,Recordatorio SMS próxima revisión
SYN004160,104498,I,MEDIO,0.532007,0.08,6.564912280701755,Recordatorio SMS próxima revisión
SYN008518,106795,I,MEDIO,0.45512998,0.08,6.564912280701755,Recordatorio SMS próxima revisión
SYN001956,102924,I,MEDIO,0.5419018,0.08,6.564912280701755,Recordatorio SMS próxima revisión
SYN007835,103980,I,MEDIO,0.5660251,0.08,6.564912280701755,Recordatorio SMS próxima revisión
SYN007797,100891,I,MEDIO,0.5874091,0.08,6.564912280701755,Recordatorio SMS próxima revisión
SYN001988,70666,I,MEDIO,0.5692456,0.08,6.564912280701755,Recordatorio SMS próxima revisión
SYN008535,100699,I,MEDIO,0.45300487,0.08,6.564912280701755,Recordatorio SMS próxima revisión
SYN007795,102382,I,MEDIO,0.55381227,0.08,6.564912280701755,Recordatorio SMS próxima revisión
SYN008548,50885,I,MEDIO,0.43302068,0.08,6.564912280701755,Recordatorio SMS próxima revisión
SYN003870,107424,I,MEDIO,0.57443875,0.08,6.564912280701755,Recordatorio SMS próxima revisión
SYN007748,104666,I,MEDIO,0.5131804,0.08,6.564912280701755,Recordatorio SMS próxima revisión
SYN007753,107907,I,MEDIO,0.54818624,0.08,6.564912280701755,Recordatorio SMS próxima revisión
SYN007756,101581,I,MEDIO,0.45126945,0.08,6.564912280701755,Recordatorio SMS próxima revisión
SYN007760,100059,I,MEDIO,0.5799624,0.08,6.564912280701755,Recordatorio SMS próxima revisión
SYN007764,106260,I,MEDIO,0.49135557,0.08,6.564912280701755,Recordatorio SMS próxima revisión
SYN003872,78902,I,MEDIO,0.56503433,0.08,6.564912280701755,Recordatorio SMS próxima revisión
SYN007771,102879,I,MEDIO,0.56538606,0.08,6.564912280701755,Recordatorio SMS próxima revisión
SYN001310,8801,I,MEDIO,0.49006927,0.08,6.564912280701755,Recordatorio SMS próxima revisión
SYN003875,102632,I,MEDIO,0.5504234,0.08,6.564912280701755,Recordatorio SMS próxima revisión
SYN005694,100693,I,MEDIO,0.5431906,0.08,6.564912280701755,Recordatorio SMS próxima revisión
SYN008547,101206,I,MEDIO,0.48494658,0.08,6.564912280701755,Recordatorio SMS próxima revisión
SYN001313,101355,I,MEDIO,0.46462163,0.08,6.564912280701755,Recordatorio SMS próxima revisión
SYN008539,102434,I,MEDIO,0.45265028,0.08,6.564912280701755,Recordatorio SMS próxima revisión
SYN007784,108330,I,MEDIO,0.47756377,0.08,6.564912280701755,Recordatorio SMS próxima revisión
SYN005692,100334,I,MEDIO,0.55696994,0.08,6.564912280701755,Recordatorio SMS próxima revisión
SYN001317,102895,I,MEDIO,0.48987558,0.08,6.564912280701755,Recordatorio SMS próxima revisión
SYN005691,107115,I,MEDIO,0.57375675,0.08,6.564912280701755,Recordatorio SMS próxima revisión
SYN007793,96277,I,MEDIO,0.549415,0.08,6.564912280701755,Recordatorio SMS próxima revisión
SYN001991,106024,I,MEDIO,0.53272873,0.08,6.564912280701755,Recordatorio SMS próxima revisión
SYN007809,106584,I,MEDIO,0.5919982,0.08,6.564912280701755,Recordatorio SMS próxima revisión
SYN005603,107589,I,MEDIO,0.49694645,0.08,6.564912280701755,Recordatorio SMS próxima revisión
SYN007955,104806,I,MEDIO,0.4531484,0.08,6.564912280701755,Recordatorio SMS próxima revisión
SYN001470,100371,I,MEDIO,0.478541,0.08,6.564912280701755,Recordatorio SMS próxima revisión
SYN001646,103182,I,MEDIO,0.4662434,0.08,6.564912280701755,Recordatorio SMS próxima revisión
SYN005537,104714,I,MEDIO,0.4418374,0.08,6.564912280701755,Recordatorio SMS próxima revisión
SYN005469,105161,I,MEDIO,0.5732972,0.08,6.564912280701755,Recordatorio SMS próxima revisión
SYN008190,101791,I,MEDIO,0.5756278,0.08,6.564912280701755,Recordatorio SMS próxima revisión
SYN008370,107103,I,MEDIO,0.54818624,0.08,6.564912280701755,Recordatorio SMS próxima revisión
SYN001473,101362,I,MEDIO,0.40595034,0.08,6.564912280701755,Recordatorio SMS próxima revisión
SYN004105,102495,I,MEDIO,0.45348573,0.08,6.564912280701755,Recordatorio SMS próxima revisión
SYN004038,104538,I,MEDIO,0.46426564,0.08,6.564912280701755,Recordatorio SMS próxima revisión
SYN001635,106202,I,MEDIO,0.55696994,0.08,6.564912280701755,Recordatorio SMS próxima revisión
SYN004039,103953,I,MEDIO,0.58212405,0.08,6.564912280701755,Recordatorio SMS próxima revisión
SYN004041,104685,I,MEDIO,0.53950876,0.08,6.564912280701755,Recordatorio SMS próxima revisión
SYN008209,100849,I,MEDIO,0.47576377,0.08,6.564912280701755,Recordatorio SMS próxima revisión
SYN001626,104558,I,MEDIO,0.56515574,0.08,6.564912280701755,Recordatorio SMS próxima revisión
SYN001624,105902,I,MEDIO,0.55671954,0.08,6.564912280701755,Recordatorio SMS próxima revisión
SYN008213,101884,I,MEDIO,0.42439136,0.08,6.564912280701755,Recordatorio SMS próxima revisión
SYN001621,100414,I,MEDIO,0.56197554,0.08,6.564912280701755,Recordatorio SMS próxima revisión
SYN001619,100775,I,MEDIO,0.545442,0.08,6.564912280701755,Recordatorio SMS próxima revisión
SYN004044,104414,I,MEDIO,0.49021912,0.08,6.564912280701755,Recordatorio SMS próxima revisión
SYN001479,102650,I,MEDIO,0.5837147,0.08,6.564912280701755,Recordatorio SMS próxima revisión
SYN005529,101520,I,MEDIO,0.48045766,0.08,6.564912280701755,Recordatorio SMS próxima revisión
SYN005526,63838,I,MEDIO,0.5313609,0.08,6.564912280701755,Recordatorio SMS próxima revisión
SYN008234,100498,I,MEDIO,0.55159813,0.08,6.564912280701755,Recordatorio SMS próxima revisión
SYN001482,108430,I,MEDIO,0.54703563,0.08,6.564912280701755,Recordatorio SMS próxima revisión
SYN008181,100482,I,MEDIO,0.50136083,0.08,6.564912280701755,Recordatorio SMS próxima revisión
SYN008377,41722,I,MEDIO,0.4994125,0.08,6.564912280701755,Recordatorio SMS próxima revisión
SYN008133,102084,I,MEDIO,0.5953324,0.08,6.564912280701755,Recordatorio SMS próxima revisión
SYN004030,102708,I,MEDIO,0.47880226,0.08,6.564912280701755,Recordatorio SMS próxima revisión
SYN004111,102459,I,MEDIO,0.45300487,0.08,6.564912280701755,Recordatorio SMS próxima revisión
SYN001683,105158,I,MEDIO,0.5510156,0.08,6.564912280701755,Recordatorio SMS próxima revisión
SYN001459,105071,I,MEDIO,0.5065073,0.08,6.564912280701755,Recordatorio SMS próxima revisión
SYN004020,108446,I,MEDIO,0.56929916,0.08,6.564912280701755,Recordatorio SMS próxima revisión
SYN008146,106322,I,MEDIO,0.46462163,0.08,6.564912280701755,Recordatorio SMS próxima revisión
SYN005735,100309,I,MEDIO,0.573062,0.08,6.564912280701755,Recordatorio SMS próxima revisión
SYN008148,102614,I,MEDIO,0.55712277,0.08,6.564912280701755,Recordatorio SMS próxima revisión
SYN001677,105004,I,MEDIO,0.4771034,0.08,6.564912280701755,Recordatorio SMS próxima revisión
SYN008149,107134,I,MEDIO,0.48482135,0.08,6.564912280701755,Recordatorio SMS próxima revisión
SYN005539,106270,I,MEDIO,0.5788902,0.08,6.564912280701755,Recordatorio SMS próxima revisión
SYN008153,106725,I,MEDIO,0.5714149,0.08,6.564912280701755,Recordatorio SMS próxima revisión
SYN001461,12913,I,MEDIO,0.49371693,0.08,6.564912280701755,Recordatorio SMS próxima revisión
SYN008154,107889,I,MEDIO,0.4554903,0.08,6.564912280701755,Recordatorio SMS próxima revisión
SYN008159,4609,I,MEDIO,0.5549555,0.08,6.564912280701755,Recordatorio SMS próxima revisión
SYN008386,104419,I,MEDIO,0.59098625,0.08,6.564912280701755,Recordatorio SMS próxima revisión
SYN001667,105301,I,MEDIO,0.4771034,0.08,6.564912280701755,Recordatorio SMS próxima revisión
SYN001666,100691,I,MEDIO,0.47670898,0.08,6.564912280701755,Recordatorio SMS próxima revisión
SYN008161,106475,I,MEDIO,0.55159813,0.08,6.564912280701755,Recordatorio SMS próxima revisión
SYN001664,100022,I,MEDIO,0.5327706,0.08,6.564912280701755,Recordatorio SMS próxima revisión
SYN008385,64404,I,MEDIO,0.5369758,0.08,6.564912280701755,Recordatorio SMS próxima revisión
SYN004027,104549,I,MEDIO,0.48787475,0.08,6.564912280701755,Recordatorio SMS próxima revisión
SYN008173,67033,I,MEDIO,0.5504234,0.08,6.564912280701755,Recordatorio SMS próxima revisión
SYN008383,108396,I,MEDIO,0.4569401,0.08,6.564912280701755,Recordatorio SMS próxima revisión
SYN005474,103820,I,MEDIO,0.5879151,0.08,6.564912280701755,Recordatorio SMS próxima revisión
SYN001485,88255,I,MEDIO,0.47999293,0.08,6.564912280701755,Recordatorio SMS próxima revisión
SYN001603,101558,I,MEDIO,0.48482135,0.08,6.564912280701755,Recordatorio SMS próxima revisión
SYN008247,108438,I,MEDIO,0.55736464,0.08,6.564912280701755,Recordatorio SMS próxima revisión
SYN004065,103129,I,MEDIO,0.537266,0.08,6.564912280701755,Recordatorio SMS próxima revisión
SYN008284,102680,I,MEDIO,0.55689424,0.08,6.564912280701755,Recordatorio SMS próxima revisión
SYN008289,105100,I,MEDIO,0.56629115,0.08,6.564912280701755,Recordatorio SMS próxima revisión
SYN008337,105667,I,MEDIO,0.50136083,0.08,6.564912280701755,Recordatorio SMS próxima revisión
SYN001510,106492,I,MEDIO,0.55736464,0.08,6.564912280701755,Recordatorio SMS próxima revisión
SYN005512,102120,I,MEDIO,0.5284418,0.08,6.564912280701755,Recordatorio SMS próxima revisión
SYN005504,106724,I,MEDIO,0.48982203,0.08,6.564912280701755,Recordatorio SMS próxima revisión
SYN004073,100520,I,MEDIO,0.48482135,0.08,6.564912280701755,Recordatorio SMS próxima revisión
SYN008336,103148,I,MEDIO,0.49047455,0.08,6.564912280701755,Recordatorio SMS próxima revisión
SYN004090,104876,I,MEDIO,0.45736066,0.08,6.564912280701755,Recordatorio SMS próxima revisión
SYN008301,105727,I,MEDIO,0.53422594,0.08,6.564912280701755,Recordatorio SMS próxima revisión
SYN008304,67691,I,MEDIO,0.5395764,0.08,6.564912280701755,Recordatorio SMS próxima revisión
SYN008329,103395,I,MEDIO,0.54857314,0.08,6.564912280701755,Recordatorio SMS próxima revisión
SYN001545,105190,I,MEDIO,0.4740085,0.08,6.564912280701755,Recordatorio SMS próxima revisión
SYN008327,108120,I,MEDIO,0.54857314,0.08,6.564912280701755,Recordatorio SMS próxima revisión
SYN004076,106467,I,MEDIO,0.5344034,0.08,6.564912280701755,Recordatorio SMS próxima revisión
SYN004084,104107,I,MEDIO,0.5515816,0.08,6.564912280701755,Recordatorio SMS próxima revisión
SYN001538,23373,I,MEDIO,0.48982203,0.08,6.564912280701755,Recordatorio SMS próxima revisión
SYN001525,101485,I,MEDIO,0.5660251,0.08,6.564912280701755,Recordatorio SMS próxima revisión
SYN008322,104963,I,MEDIO,0.5911019,0.08,6.564912280701755,Recordatorio SMS próxima revisión
SYN001528,65247,I,MEDIO,0.45771587,0.08,6.564912280701755,Recordatorio SMS próxima revisión
SYN005499,101288,I,MEDIO,0.4590747,0.08,6.564912280701755,Recordatorio SMS próxima revisión
SYN008309,105438,I,MEDIO,0.48787475,0.08,6.564912280701755,Recordatorio SMS próxima revisión
SYN004064,101662,I,MEDIO,0.52482015,0.08,6.564912280701755,Recordatorio SMS próxima revisión
SYN001506,108052,I,MEDIO,0.56629115,0.08,6.564912280701755,Recordatorio SMS próxima revisión
SYN004094,101883,I,MEDIO,0.5687702,0.08,6.564912280701755,Recordatorio SMS próxima revisión
SYN008351,39366,I,MEDIO,0.5215115,0.08,6.564912280701755,Recordatorio SMS próxima revisión
SYN001486,42221,I,MEDIO,0.5535249,0.08,6.564912280701755,Recordatorio SMS próxima revisión
SYN001595,103908,I,MEDIO,0.58022887,0.08,6.564912280701755,Recordatorio SMS próxima revisión
SYN008256,104705,I,MEDIO,0.5979173,0.08,6.564912280701755,Recordatorio SMS próxima revisión
SYN004101,106343,I,MEDIO,0.5895472,0.08,6.564912280701755,Recordatorio SMS próxima revisión
SYN001488,102266,I,MEDIO,0.48482135,0.08,6.564912280701755,Recordatorio SMS próxima revisión
SYN001593,100566,I,MEDIO,0.5112945,0.08,6.564912280701755,Recordatorio SMS próxima revisión
SYN008363,107531,I,MEDIO,0.58976877,0.08,6.564912280701755,Recordatorio SMS próxima revisión
SYN005519,105026,I,MEDIO,0.5000021,0.08,6.564912280701755,Recordatorio SMS próxima revisión
SYN001588,105895,I,MEDIO,0.48746234,0.08,6.564912280701755,Recordatorio SMS próxima revisión
SYN008361,102031,I,MEDIO,0.58022887,0.08,6.564912280701755,Recordatorio SMS próxima revisión
SYN001581,107253,I,MEDIO,0.55037826,0.08,6.564912280701755,Recordatorio SMS próxima revisión
SYN004062,106590,I,MEDIO,0.5880034,0.08,6.564912280701755,Recordatorio SMS próxima revisión
SYN008349,103644,I,MEDIO,0.42133063,0.08,6.564912280701755,Recordatorio SMS próxima revisión
SYN008270,23840,I,MEDIO,0.49635687,0.08,6.564912280701755,Recordatorio SMS próxima revisión
SYN005481,103145,I,MEDIO,0.55465347,0.08,6.564912280701755,Recordatorio SMS próxima revisión
SYN001579,42052,I,MEDIO,0.56629115,0.08,6.564912280701755,Recordatorio SMS próxima revisión
SYN008344,62391,I,MEDIO,0.4658702,0.08,6.564912280701755,Recordatorio SMS próxima revisión
SYN005518,105995,I,MEDIO,0.5856424,0.08,6.564912280701755,Recordatorio SMS próxima revisión
SYN001501,58978,I,MEDIO,0.5979173,0.08,6.564912280701755,Recordatorio SMS próxima revisión
SYN008272,108394,I,MEDIO,0.5268613,0.08,6.564912280701755,Recordatorio SMS próxima revisión
SYN005516,102071,I,MEDIO,0.55159813,0.08,6.564912280701755,Recordatorio SMS próxima revisión
SYN008276,103308,I,MEDIO,0.4901986,0.08,6.564912280701755,Recordatorio SMS próxima revisión
SYN001685,108474,I,MEDIO,0.57224005,0.08,6.564912280701755,Recordatorio SMS próxima revisión
SYN001693,102788,I,MEDIO,0.52844405,0.08,6.564912280701755,Recordatorio SMS próxima revisión
SYN008487,73327,I,MEDIO,0.5295715,0.08,6.564912280701755,Recordatorio SMS próxima revisión
SYN005606,100044,I,MEDIO,0.5937219,0.08,6.564912280701755,Recordatorio SMS próxima revisión
SYN008464,104595,I,MEDIO,0.46426564,0.08,6.564912280701755,Recordatorio SMS próxima revisión
SYN001400,106034,I,MEDIO,0.50678223,0.08,6.564912280701755,Recordatorio SMS próxima revisión
SYN007985,103089,I,MEDIO,0.5987266,0.08,6.564912280701755,Recordatorio SMS próxima revisión
SYN007990,106424,I,MEDIO,0.5901589,0.08,6.564912280701755,Recordatorio SMS próxima revisión
SYN005600,105765,I,MEDIO,0.58277166,0.08,6.564912280701755,Recordatorio SMS próxima revisión
SYN007996,102916,I,MEDIO,0.5310667,0.08,6.564912280701755,Recordatorio SMS próxima revisión
SYN005443,105811,I,MEDIO,0.5777576,0.08,6.564912280701755,Recordatorio SMS próxima revisión
SYN001801,100385,I,MEDIO,0.5564555,0.08,6.564912280701755,Recordatorio SMS próxima revisión
SYN004140,104517,I,MEDIO,0.5874091,0.08,6.564912280701755,Recordatorio SMS próxima revisión
SYN008003,100490,I,MEDIO,0.5618605,0.08,6.564912280701755,Recordatorio SMS próxima revisión
SYN008006,61877,I,MEDIO,0.5988929,0.08,6.564912280701755,Recordatorio SMS próxima revisión
SYN005596,7944,I,MEDIO,0.43016022,0.08,6.564912280701755,Recordatorio SMS próxima revisión
SYN008012,103505,I,MEDIO,0.5549555,0.08,6.564912280701755,Recordatorio SMS próxima revisión
SYN001793,104459,I,MEDIO,0.5327706,0.08,6.564912280701755,Recordatorio SMS próxima revisión
SYN005594,103392,I,MEDIO,0.57585907,0.08,6.564912280701755,Recordatorio SMS próxima revisión
SYN004139,101548,I,MEDIO,0.52818173,0.08,6.564912280701755,Recordatorio SMS próxima revisión
SYN005593,102861,I,MEDIO,0.5284418,0.08,6.564912280701755,Recordatorio SMS próxima revisión
SYN001783,101533,I,MEDIO,0.4429223,0.08,6.564912280701755,Recordatorio SMS próxima revisión
SYN005591,106211,I,MEDIO,0.52088624,0.08,6.564912280701755,Recordatorio SMS próxima revisión
SYN001781,105025,I,MEDIO,0.47362953,0.08,6.564912280701755,Recordatorio SMS próxima revisión
SYN008456,75114,I,MEDIO,0.4614213,0.08,6.564912280701755,Recordatorio SMS próxima revisión
SYN008444,105927,I,MEDIO,0.5752631,0.08,6.564912280701755,Recordatorio SMS próxima revisión
SYN001779,103697,I,MEDIO,0.4866884,0.08,6.564912280701755,Recordatorio SMS próxima revisión
SYN008313,101016,I,MEDIO,0.48482135,0.08,6.564912280701755,Recordatorio SMS próxima revisión
SYN003954,105580,I,MEDIO,0.5284418,0.08,6.564912280701755,Recordatorio SMS próxima revisión
SYN004114,104871,I,MEDIO,0.43054783,0.08,6.564912280701755,Recordatorio SMS próxima revisión
SYN007978,102761,I,MEDIO,0.594058,0.08,6.564912280701755,Recordatorio SMS próxima revisión
SYN004145,107489,I,MEDIO,0.5797683,0.08,6.564912280701755,Recordatorio SMS próxima revisión
SYN003939,100979,I,MEDIO,0.48823446,0.08,6.564912280701755,Recordatorio SMS próxima revisión
SYN001386,108114,I,MEDIO,0.49635687,0.08,6.564912280701755,Recordatorio SMS próxima revisión
SYN005620,104519,I,MEDIO,0.47854656,0.08,6.564912280701755,Recordatorio SMS próxima revisión
SYN007961,46810,I,MEDIO,0.55465347,0.08,6.564912280701755,Recordatorio SMS próxima revisión
SYN001841,101623,I,MEDIO,0.5403372,0.08,6.564912280701755,Recordatorio SMS próxima revisión
SYN003946,108169,I,MEDIO,0.43196642,0.08,6.564912280701755,Recordatorio SMS próxima revisión
SYN001838,9190,I,MEDIO,0.5635664,0.08,6.564912280701755,Recordatorio SMS próxima revisión
SYN005616,93671,I,MEDIO,0.48482135,0.08,6.564912280701755,Recordatorio SMS próxima revisión
SYN001387,108440,I,MEDIO,0.4766777,0.08,6.564912280701755,Recordatorio SMS próxima revisión
SYN003948,107816,I,MEDIO,0.5916513,0.08,6.564912280701755,Recordatorio SMS próxima revisión
SYN001833,102534,I,MEDIO,0.4658702,0.08,6.564912280701755,Recordatorio SMS próxima revisión
SYN001832,105449,I,MEDIO,0.5131804,0.08,6.564912280701755,Recordatorio SMS próxima revisión
SYN004143,107859,I,MEDIO,0.5667005,0.08,6.564912280701755,Recordatorio SMS próxima revisión
SYN001829,105274,I,MEDIO,0.5998087,0.08,6.564912280701755,Recordatorio SMS próxima revisión
SYN001828,12093,I,MEDIO,0.55918694,0.08,6.564912280701755,Recordatorio SMS próxima revisión
SYN005613,106973,I,MEDIO,0.5916513,0.08,6.564912280701755,Recordatorio SMS próxima revisión
SYN008471,105448,I,MEDIO,0.55159813,0.08,6.564912280701755,Recordatorio SMS próxima revisión
SYN001396,105875,I,MEDIO,0.5284418,0.08,6.564912280701755,Recordatorio SMS próxima revisión
SYN007971,103194,I,MEDIO,0.5605578,0.08,6.564912280701755,Recordatorio SMS próxima revisión
SYN001397,100345,I,MEDIO,0.5478864,0.08,6.564912280701755,Recordatorio SMS próxima revisión
SYN007973,57719,I,MEDIO,0.51968205,0.08,6.564912280701755,Recordatorio SMS próxima revisión
SYN001823,106464,I,MEDIO,0.5745902,0.08,6.564912280701755,Recordatorio SMS próxima revisión
SYN008441,104821,I,MEDIO,0.5982237,0.08,6.564912280701755,Recordatorio SMS próxima revisión
SYN008028,107756,I,MEDIO,0.5807365,0.08,6.564912280701755,Recordatorio SMS próxima revisión
SYN005582,102801,I,MEDIO,0.5280851,0.08,6.564912280701755,Recordatorio SMS próxima revisión
SYN005580,105652,I,MEDIO,0.56618863,0.08,6.564912280701755,Recordatorio SMS próxima revisión
SYN003999,100085,I,MEDIO,0.48771936,0.08,6.564912280701755,Recordatorio SMS próxima revisión
SYN008085,105621,I,MEDIO,0.5668526,0.08,6.564912280701755,Recordatorio SMS próxima revisión
SYN001434,103508,I,MEDIO,0.49385598,0.08,6.564912280701755,Recordatorio SMS próxima revisión
SYN004000,103029,I,MEDIO,0.57255197,0.08,6.564912280701755,Recordatorio SMS próxima revisión
SYN005460,31592,I,MEDIO,0.5860723,0.08,6.564912280701755,Recordatorio SMS próxima revisión
SYN008088,58908,I,MEDIO,0.5987521,0.08,6.564912280701755,Recordatorio SMS próxima revisión
SYN008411,101910,I,MEDIO,0.55696994,0.08,6.564912280701755,Recordatorio SMS próxima revisión
SYN008090,102331,I,MEDIO,0.591675,0.08,6.564912280701755,Recordatorio SMS próxima revisión
SYN001720,101845,I,MEDIO,0.5324143,0.08,6.564912280701755,Recordatorio SMS próxima revisión
SYN008098,100973,I,MEDIO,0.5775018,0.08,6.564912280701755,Recordatorio SMS próxima revisión
SYN008103,107703,I,MEDIO,0.5576706,0.08,6.564912280701755,Recordatorio SMS próxima revisión
SYN005552,102932,I,MEDIO,0.48553312,0.08,6.564912280701755,Recordatorio SMS próxima revisión
SYN005464,105599,I,MEDIO,0.5198367,0.08,6.564912280701755,Recordatorio SMS próxima revisión
SYN001447,100733,I,MEDIO,0.47183824,0.08,6.564912280701755,Recordatorio SMS próxima revisión
SYN008397,100030,I,MEDIO,0.515147,0.08,6.564912280701755,Recordatorio SMS próxima revisión
SYN008396,106983,I,MEDIO,0.57255197,0.08,6.564912280701755,Recordatorio SMS próxima revisión
SYN004015,108143,I,MEDIO,0.53422594,0.08,6.564912280701755,Recordatorio SMS próxima revisión
SYN008124,103249,I,MEDIO,0.45512998,0.08,6.564912280701755,Recordatorio SMS próxima revisión
SYN005543,102768,I,MEDIO,0.48333573,0.08,6.564912280701755,Recordatorio SMS próxima revisión
SYN008130,108191,I,MEDIO,0.48982203,0.08,6.564912280701755,Recordatorio SMS próxima revisión
SYN001698,101696,I,MEDIO,0.5405133,0.08,6.564912280701755,Recordatorio SMS próxima revisión
SYN001452,100523,I,MEDIO,0.48528212,0.08,6.564912280701755,Recordatorio SMS próxima revisión
SYN001695,103804,I,MEDIO,0.55465347,0.08,6.564912280701755,Recordatorio SMS próxima revisión
SYN005560,74706,I,MEDIO,0.56027013,0.08,6.564912280701755,Recordatorio SMS próxima revisión
SYN008078,108076,I,MEDIO,0.47713935,0.08,6.564912280701755,Recordatorio SMS próxima revisión
SYN008415,100246,I,MEDIO,0.5919982,0.08,6.564912280701755,Recordatorio SMS próxima revisión
SYN008050,102195,I,MEDIO,0.49788764,0.08,6.564912280701755,Recordatorio SMS próxima revisión
SYN008035,105456,I,MEDIO,0.5284418,0.08,6.564912280701755,Recordatorio SMS próxima revisión
SYN003977,107581,I,MEDIO,0.56629115,0.08,6.564912280701755,Recordatorio SMS próxima revisión
SYN008039,100682,I,MEDIO,0.4589362,0.08,6.564912280701755,Recordatorio SMS próxima revisión
SYN005453,106815,I,MEDIO,0.46462163,0.08,6.564912280701755,Recordatorio SMS próxima revisión
SYN008040,106390,I,MEDIO,0.45265028,0.08,6.564912280701755,Recordatorio SMS próxima revisión
SYN008433,100527,I,MEDIO,0.5562185,0.08,6.564912280701755,Recordatorio SMS próxima revisión
SYN008432,75368,I,MEDIO,0.55159813,0.08,6.564912280701755,Recordatorio SMS próxima revisión
SYN001422,13462,I,MEDIO,0.56538606,0.08,6.564912280701755,Recordatorio SMS próxima revisión
SYN008043,107845,I,MEDIO,0.48787475,0.08,6.564912280701755,Recordatorio SMS próxima revisión
SYN005577,103559,I,MEDIO,0.48823446,0.08,6.564912280701755,Recordatorio SMS próxima revisión
SYN005574,103257,I,MEDIO,0.4972518,0.08,6.564912280701755,Recordatorio SMS próxima revisión
SYN004122,107300,I,MEDIO,0.48077708,0.08,6.564912280701755,Recordatorio SMS próxima revisión
SYN001758,105121,I,MEDIO,0.4631682,0.08,6.564912280701755,Recordatorio SMS próxima revisión
SYN005571,103111,I,MEDIO,0.5807365,0.08,6.564912280701755,Recordatorio SMS próxima revisión
SYN005456,105149,I,MEDIO,0.4801004,0.08,6.564912280701755,Recordatorio SMS próxima revisión
SYN001751,102162,I,MEDIO,0.5777576,0.08,6.564912280701755,Recordatorio SMS próxima revisión
SYN008429,107350,I,MEDIO,0.5609073,0.08,6.564912280701755,Recordatorio SMS próxima revisión
SYN008066,42551,I,MEDIO,0.50788045,0.08,6.564912280701755,Recordatorio SMS próxima revisión
SYN008068,105845,I,MEDIO,0.48787475,0.08,6.564912280701755,Recordatorio SMS próxima revisión
SYN008077,104446,I,MEDIO,0.53456324,0.08,6.564912280701755,Recordatorio SMS próxima revisión
SYN008426,101060,I,MEDIO,0.45711303,0.08,6.564912280701755,Recordatorio SMS próxima revisión
SYN001737,100452,I,MEDIO,0.44892186,0.08,6.564912280701755,Recordatorio SMS próxima revisión
SYN007652,100233,I,MEDIO,0.5860723,0.08,6.564912280701755,Recordatorio SMS próxima revisión
SYN002376,105230,I,MEDIO,0.4801536,0.08,6.564912280701755,Recordatorio SMS próxima revisión
SYN007642,101911,I,MEDIO,0.5797683,0.08,6.564912280701755,Recordatorio SMS próxima revisión
SYN002925,105906,I,MEDIO,0.4876294,0.08,6.564912280701755,Recordatorio SMS próxima revisión
SYN006116,102502,I,MEDIO,0.4857387,0.08,6.564912280701755,Recordatorio SMS próxima revisión
SYN006799,108109,I,MEDIO,0.47183824,0.08,6.564912280701755,Recordatorio SMS próxima revisión
SYN006802,105614,I,MEDIO,0.57641083,0.08,6.564912280701755,Recordatorio SMS próxima revisión
SYN006110,106441,I,MEDIO,0.54703563,0.08,6.564912280701755,Recordatorio SMS próxima revisión
SYN006107,106210,I,MEDIO,0.59986883,0.08,6.564912280701755,Recordatorio SMS próxima revisión
SYN006808,100473,I,MEDIO,0.45265028,0.08,6.564912280701755,Recordatorio SMS próxima revisión
SYN006810,105928,I,MEDIO,0.48482135,0.08,6.564912280701755,Recordatorio SMS próxima revisión
SYN006812,104768,I,MEDIO,0.57255197,0.08,6.564912280701755,Recordatorio SMS próxima revisión
SYN006817,4402,I,MEDIO,0.48394367,0.08,6.564912280701755,Recordatorio SMS próxima revisión
SYN006104,102346,I,MEDIO,0.48552924,0.08,6.564912280701755,Recordatorio SMS próxima revisión
SYN006103,105084,I,MEDIO,0.5504234,0.08,6.564912280701755,Recordatorio SMS próxima revisión
SYN003500,101538,I,MEDIO,0.5614624,0.08,6.564912280701755,Recordatorio SMS próxima revisión
SYN002889,102978,I,MEDIO,0.5280851,0.08,6.564912280701755,Recordatorio SMS próxima revisión
SYN002888,102540,I,MEDIO,0.5377503,0.08,6.564912280701755,Recordatorio SMS próxima revisión
SYN006836,100321,I,MEDIO,0.47670898,0.08,6.564912280701755,Recordatorio SMS próxima revisión
SYN002885,105784,I,MEDIO,0.47183824,0.08,6.564912280701755,Recordatorio SMS próxima revisión
SYN006838,104571,I,MEDIO,0.48982203,0.08,6.564912280701755,Recordatorio SMS próxima revisión
SYN003501,106108,I,MEDIO,0.55268276,0.08,6.564912280701755,Recordatorio SMS próxima revisión
SYN006849,103550,I,MEDIO,0.55736464,0.08,6.564912280701755,Recordatorio SMS próxima revisión
SYN002878,105465,I,MEDIO,0.5403545,0.08,6.564912280701755,Recordatorio SMS próxima revisión
SYN006101,107321,I,MEDIO,0.5913139,0.08,6.564912280701755,Recordatorio SMS próxima revisión
SYN006852,102552,I,MEDIO,0.594058,0.08,6.564912280701755,Recordatorio SMS próxima revisión
SYN006097,78113,I,MEDIO,0.5557259,0.08,6.564912280701755,Recordatorio SMS próxima revisión
SYN006857,102733,I,MEDIO,0.48787475,0.08,6.564912280701755,Recordatorio SMS próxima revisión
SYN003506,103351,I,MEDIO,0.48787475,0.08,6.564912280701755,Recordatorio SMS próxima revisión
SYN006096,105578,I,MEDIO,0.46927893,0.08,6.564912280701755,Recordatorio SMS próxima revisión
SYN002862,100298,I,MEDIO,0.55671954,0.08,6.564912280701755,Recordatorio SMS próxima revisión
SYN006865,100652,I,MEDIO,0.5241618,0.08,6.564912280701755,Recordatorio SMS próxima revisión
SYN006866,103222,I,MEDIO,0.4590747,0.08,6.564912280701755,Recordatorio SMS próxima revisión
SYN006120,100313,I,MEDIO,0.5913139,0.08,6.564912280701755,Recordatorio SMS próxima revisión
SYN002928,32296,I,MEDIO,0.5799624,0.08,6.564912280701755,Recordatorio SMS próxima revisión
SYN006875,105945,I,MEDIO,0.5777576,0.08,6.564912280701755,Recordatorio SMS próxima revisión
SYN006783,106317,I,MEDIO,0.5807365,0.08,6.564912280701755,Recordatorio SMS próxima revisión
SYN002998,105594,I,MEDIO,0.571288,0.08,6.564912280701755,Recordatorio SMS próxima revisión
SYN006702,100420,I,MEDIO,0.53409714,0.08,6.564912280701755,Recordatorio SMS próxima revisión
SYN006704,101896,I,MEDIO,0.5790972,0.08,6.564912280701755,Recordatorio SMS próxima revisión
SYN006705,100748,I,MEDIO,0.47756377,0.08,6.564912280701755,Recordatorio SMS próxima revisión
SYN003466,100503,I,MEDIO,0.587171,0.08,6.564912280701755,Recordatorio SMS próxima revisión
SYN003470,100881,I,MEDIO,0.54790145,0.08,6.564912280701755,Recordatorio SMS próxima revisión
SYN002978,103692,I,MEDIO,0.56929916,0.08,6.564912280701755,Recordatorio SMS próxima revisión
SYN006722,101778,I,MEDIO,0.51968205,0.08,6.564912280701755,Recordatorio SMS próxima revisión
SYN006725,40417,I,MEDIO,0.4689475,0.08,6.564912280701755,Recordatorio SMS próxima revisión
SYN002971,104817,I,MEDIO,0.5122252,0.08,6.564912280701755,Recordatorio SMS próxima revisión
SYN002970,107456,I,MEDIO,0.4667882,0.08,6.564912280701755,Recordatorio SMS próxima revisión
SYN006726,103011,I,MEDIO,0.54000115,0.08,6.564912280701755,Recordatorio SMS próxima revisión
SYN006135,106325,I,MEDIO,0.5700346,0.08,6.564912280701755,Recordatorio SMS próxima revisión
SYN006730,105347,I,MEDIO,0.54602796,0.08,6.564912280701755,Recordatorio SMS próxima revisión
SYN006130,104056,I,MEDIO,0.5992243,0.08,6.564912280701755,Recordatorio SMS próxima revisión
SYN006746,101551,I,MEDIO,0.46462163,0.08,6.564912280701755,Recordatorio SMS próxima revisión
SYN006129,100720,I,MEDIO,0.49325347,0.08,6.564912280701755,Recordatorio SMS próxima revisión
SYN003481,102108,I,MEDIO,0.59280795,0.08,6.564912280701755,Recordatorio SMS próxima revisión
SYN002951,108018,I,MEDIO,0.5298158,0.08,6.564912280701755,Recordatorio SMS próxima revisión
SYN003483,100449,I,MEDIO,0.5797683,0.08,6.564912280701755,Recordatorio SMS próxima revisión
SYN002947,107444,I,MEDIO,0.55696994,0.08,6.564912280701755,Recordatorio SMS próxima revisión
SYN006762,102172,I,MEDIO,0.5874091,0.08,6.564912280701755,Recordatorio SMS próxima revisión
SYN002942,102186,I,MEDIO,0.43667987,0.08,6.564912280701755,Recordatorio SMS próxima revisión
SYN006126,106884,I,MEDIO,0.5676298,0.08,6.564912280701755,Recordatorio SMS próxima revisión
SYN006767,102392,I,MEDIO,0.48787475,0.08,6.564912280701755,Recordatorio SMS próxima revisión
SYN006771,101710,I,MEDIO,0.48787475,0.08,6.564912280701755,Recordatorio SMS próxima revisión
SYN006772,106497,I,MEDIO,0.54361355,0.08,6.564912280701755,Recordatorio SMS próxima revisión
SYN006775,104180,I,MEDIO,0.5925016,0.08,6.564912280701755,Recordatorio SMS próxima revisión
SYN006122,108317,I,MEDIO,0.48787475,0.08,6.564912280701755,Recordatorio SMS próxima revisión
SYN003513,101816,I,MEDIO,0.50136083,0.08,6.564912280701755,Recordatorio SMS próxima revisión
SYN002852,104639,I,MEDIO,0.4418374,0.08,6.564912280701755,Recordatorio SMS próxima revisión
SYN007011,100464,I,MEDIO,0.54000115,0.08,6.564912280701755,Recordatorio SMS próxima revisión
SYN002773,106582,I,MEDIO,0.55159813,0.08,6.564912280701755,Recordatorio SMS próxima revisión
SYN006959,101851,I,MEDIO,0.53456324,0.08,6.564912280701755,Recordatorio SMS próxima revisión
SYN006964,102562,I,MEDIO,0.5576706,0.08,6.564912280701755,Recordatorio SMS próxima revisión
SYN006054,104719,I,MEDIO,0.49343383,0.08,6.564912280701755,Recordatorio SMS próxima revisión
SYN002761,100163,I,MEDIO,0.5580539,0.08,6.564912280701755,Recordatorio SMS próxima revisión
SYN006973,42040,I,MEDIO,0.51459914,0.08,6.564912280701755,Recordatorio SMS próxima revisión
SYN002756,108398,I,MEDIO,0.54818624,0.08,6.564912280701755,Recordatorio SMS próxima revisión
SYN002754,100636,I,MEDIO,0.5357317,0.08,6.564912280701755,Recordatorio SMS próxima revisión
SYN006977,105116,I,MEDIO,0.46565655,0.08,6.564912280701755,Recordatorio SMS próxima revisión
SYN006985,100445,I,MEDIO,0.5576706,0.08,6.564912280701755,Recordatorio SMS próxima revisión
SYN006049,101216,I,MEDIO,0.48482135,0.08,6.564912280701755,Recordatorio SMS próxima revisión
SYN006048,103635,I,MEDIO,0.49822545,0.08,6.564912280701755,Recordatorio SMS próxima revisión
SYN002744,102744,I,MEDIO,0.59413797,0.08,6.564912280701755,Recordatorio SMS próxima revisión
SYN003552,103134,I,MEDIO,0.48672098,0.08,6.564912280701755,Recordatorio SMS próxima revisión
SYN006046,100813,I,MEDIO,0.54818624,0.08,6.564912280701755,Recordatorio SMS próxima revisión
SYN002739,107620,I,MEDIO,0.4866884,0.08,6.564912280701755,Recordatorio SMS próxima revisión
SYN006992,102969,I,MEDIO,0.4554903,0.08,6.564912280701755,Recordatorio SMS próxima revisión
SYN002737,107390,I,MEDIO,0.5566167,0.08,6.564912280701755,Recordatorio SMS próxima revisión
SYN006034,102175,I,MEDIO,0.56538606,0.08,6.564912280701755,Recordatorio SMS próxima revisión
SYN002733,103499,I,MEDIO,0.5890427,0.08,6.564912280701755,Recordatorio SMS próxima revisión
SYN006032,104156,I,MEDIO,0.5535249,0.08,6.564912280701755,Recordatorio SMS próxima revisión
SYN006029,103096,I,MEDIO,0.5925016,0.08,6.564912280701755,Recordatorio SMS próxima revisión
SYN006025,11697,I,MEDIO,0.5605578,0.08,6.564912280701755,Recordatorio SMS próxima revisión
SYN006023,107401,I,MEDIO,0.59280795,0.08,6.564912280701755,Recordatorio SMS próxima revisión
SYN007005,103519,I,MEDIO,0.50779617,0.08,6.564912280701755,Recordatorio SMS próxima revisión
SYN002722,101054,I,MEDIO,0.4994125,0.08,6.564912280701755,Recordatorio SMS próxima revisión
SYN002721,105556,I,MEDIO,0.5323071,0.08,6.564912280701755,Recordatorio SMS próxima revisión
SYN002720,101929,I,MEDIO,0.46462163,0.08,6.564912280701755,Recordatorio SMS próxima revisión
SYN002717,27498,I,MEDIO,0.45512998,0.08,6.564912280701755,Recordatorio SMS próxima revisión
SYN003568,103035,I,MEDIO,0.55268276,0.08,6.564912280701755,Recordatorio SMS próxima revisión
SYN002770,100067,I,MEDIO,0.569025,0.08,6.564912280701755,Recordatorio SMS próxima revisión
SYN006953,103987,I,MEDIO,0.5562185,0.08,6.564912280701755,Recordatorio SMS próxima revisión
SYN006880,108327,I,MEDIO,0.57731533,0.08,6.564912280701755,Recordatorio SMS próxima revisión
SYN006952,102159,I,MEDIO,0.480976,0.08,6.564912280701755,Recordatorio SMS próxima revisión
SYN006881,101817,I,MEDIO,0.5535778,0.08,6.564912280701755,Recordatorio SMS próxima revisión
SYN002845,104112,I,MEDIO,0.56538606,0.08,6.564912280701755,Recordatorio SMS próxima revisión
SYN006888,106132,I,MEDIO,0.56629115,0.08,6.564912280701755,Recordatorio SMS próxima revisión
SYN006894,104342,I,MEDIO,0.4685911,0.08,6.564912280701755,Recordatorio SMS próxima revisión
SYN006897,102497,I,MEDIO,0.50105655,0.08,6.564912280701755,Recordatorio SMS próxima revisión
SYN006898,106794,I,MEDIO,0.51361877,0.08,6.564912280701755,Recordatorio SMS próxima revisión
SYN003521,107882,I,MEDIO,0.5536829,0.08,6.564912280701755,Recordatorio SMS próxima revisión
SYN006901,16887,I,MEDIO,0.5562185,0.08,6.564912280701755,Recordatorio SMS próxima revisión
SYN006079,101178,I,MEDIO,0.46462163,0.08,6.564912280701755,Recordatorio SMS próxima revisión
SYN002827,100603,I,MEDIO,0.576015,0.08,6.564912280701755,Recordatorio SMS próxima revisión
SYN002823,107054,I,MEDIO,0.50247353,0.08,6.564912280701755,Recordatorio SMS próxima revisión
SYN006069,106613,I,MEDIO,0.45770428,0.08,6.564912280701755,Recordatorio SMS próxima revisión
SYN002811,102387,I,MEDIO,0.50788045,0.08,6.564912280701755,Recordatorio SMS próxima revisión
SYN006067,107824,I,MEDIO,0.46462163,0.08,6.564912280701755,Recordatorio SMS próxima revisión
SYN006920,107768,I,MEDIO,0.47612077,0.08,6.564912280701755,Recordatorio SMS próxima revisión
SYN002804,101053,I,MEDIO,0.53986174,0.08,6.564912280701755,Recordatorio SMS próxima revisión
SYN006923,106990,I,MEDIO,0.55736464,0.08,6.564912280701755,Recordatorio SMS próxima revisión
SYN002800,107854,I,MEDIO,0.4846542,0.08,6.564912280701755,Recordatorio SMS próxima revisión
SYN002795,101358,I,MEDIO,0.47183824,0.08,6.564912280701755,Recordatorio SMS próxima revisión
SYN002792,106312,I,MEDIO,0.5191827,0.08,6.564912280701755,Recordatorio SMS próxima revisión
SYN006063,32568,I,MEDIO,0.52818173,0.08,6.564912280701755,Recordatorio SMS próxima revisión
SYN002789,105232,I,MEDIO,0.41830957,0.08,6.564912280701755,Recordatorio SMS próxima revisión
SYN003537,101781,I,MEDIO,0.54485697,0.08,6.564912280701755,Recordatorio SMS próxima revisión
SYN006937,101086,I,MEDIO,0.59760725,0.08,6.564912280701755,Recordatorio SMS próxima revisión
SYN006939,88142,I,MEDIO,0.52109826,0.08,6.564912280701755,Recordatorio SMS próxima revisión
SYN003539,108433,I,MEDIO,0.560962,0.08,6.564912280701755,Recordatorio SMS próxima revisión
SYN006943,100651,I,MEDIO,0.55465347,0.08,6.564912280701755,Recordatorio SMS próxima revisión
SYN006949,105707,I,MEDIO,0.48045766,0.08,6.564912280701755,Recordatorio SMS próxima revisión
SYN006951,101464,I,MEDIO,0.55736464,0.08,6.564912280701755,Recordatorio SMS próxima revisión
SYN006147,108151,I,MEDIO,0.55465347,0.08,6.564912280701755,Recordatorio SMS próxima revisión
SYN003457,60258,I,MEDIO,0.54123086,0.08,6.564912280701755,Recordatorio SMS próxima revisión
SYN006687,100876,I,MEDIO,0.47612077,0.08,6.564912280701755,Recordatorio SMS próxima revisión
SYN003221,100926,I,MEDIO,0.48528212,0.08,6.564912280701755,Recordatorio SMS próxima revisión
SYN006245,103719,I,MEDIO,0.56629115,0.08,6.564912280701755,Recordatorio SMS próxima revisión
SYN003214,107523,I,MEDIO,0.48982203,0.08,6.564912280701755,Recordatorio SMS próxima revisión
SYN003212,100935,I,MEDIO,0.4689475,0.08,6.564912280701755,Recordatorio SMS próxima revisión
SYN003364,101697,I,MEDIO,0.47670898,0.08,6.564912280701755,Recordatorio SMS próxima revisión
SYN003207,104761,I,MEDIO,0.56629115,0.08,6.564912280701755,Recordatorio SMS próxima revisión
SYN006452,103095,I,MEDIO,0.5790972,0.08,6.564912280701755,Recordatorio SMS próxima revisión
SYN006459,106984,I,MEDIO,0.4766777,0.08,6.564912280701755,Recordatorio SMS próxima revisión
SYN006460,38825,I,MEDIO,0.55465347,0.08,6.564912280701755,Recordatorio SMS próxima revisión
SYN006238,107815,I,MEDIO,0.47612077,0.08,6.564912280701755,Recordatorio SMS próxima revisión
SYN003371,108418,I,MEDIO,0.48769712,0.08,6.564912280701755,Recordatorio SMS próxima revisión
SYN006468,63144,I,MEDIO,0.54375786,0.08,6.564912280701755,Recordatorio SMS próxima revisión
SYN003193,63055,I,MEDIO,0.5030631,0.08,6.564912280701755,Recordatorio SMS próxima revisión
SYN006472,104245,I,MEDIO,0.53977805,0.08,6.564912280701755,Recordatorio SMS próxima revisión
SYN006476,106621,I,MEDIO,0.50848573,0.08,6.564912280701755,Recordatorio SMS próxima revisión
SYN006478,101335,I,MEDIO,0.47854656,0.08,6.564912280701755,Recordatorio SMS próxima revisión
SYN003185,43233,I,MEDIO,0.4895179,0.08,6.564912280701755,Recordatorio SMS próxima revisión
SYN006234,103927,I,MEDIO,0.53950876,0.08,6.564912280701755,Recordatorio SMS próxima revisión
SYN006496,102450,I,MEDIO,0.55291915,0.08,6.564912280701755,Recordatorio SMS próxima revisión
SYN006498,101265,I,MEDIO,0.50779617,0.08,6.564912280701755,Recordatorio SMS próxima revisión
SYN003174,82766,I,MEDIO,0.50779617,0.08,6.564912280701755,Recordatorio SMS próxima revisión
SYN006501,102870,I,MEDIO,0.5554946,0.08,6.564912280701755,Recordatorio SMS próxima revisión
SYN003169,104176,I,MEDIO,0.5432396,0.08,6.564912280701755,Recordatorio SMS próxima revisión
SYN003167,72524,I,MEDIO,0.49635687,0.08,6.564912280701755,Recordatorio SMS próxima revisión
SYN006231,104331,I,MEDIO,0.47183824,0.08,6.564912280701755,Recordatorio SMS próxima revisión
SYN006516,103346,I,MEDIO,0.53825504,0.08,6.564912280701755,Recordatorio SMS próxima revisión
SYN006520,100665,I,MEDIO,0.5567696,0.08,6.564912280701755,Recordatorio SMS próxima revisión
SYN006521,101163,I,MEDIO,0.53220814,0.08,6.564912280701755,Recordatorio SMS próxima revisión
SYN003383,107448,I,MEDIO,0.54857314,0.08,6.564912280701755,Recordatorio SMS próxima revisión
SYN006226,105792,I,MEDIO,0.58976877,0.08,6.564912280701755,Recordatorio SMS próxima revisión
SYN003361,74141,I,MEDIO,0.48672098,0.08,6.564912280701755,Recordatorio SMS próxima revisión
SYN006250,52917,I,MEDIO,0.57126814,0.08,6.564912280701755,Recordatorio SMS próxima revisión
SYN006686,101723,I,MEDIO,0.5284418,0.08,6.564912280701755,Recordatorio SMS próxima revisión
SYN003228,107898,I,MEDIO,0.54818624,0.08,6.564912280701755,Recordatorio SMS próxima revisión
SYN003306,103631,I,MEDIO,0.5903733,0.08,6.564912280701755,Recordatorio SMS próxima revisión
SYN003305,107657,I,MEDIO,0.4801536,0.08,6.564912280701755,Recordatorio SMS próxima revisión
SYN003310,103205,I,MEDIO,0.57661366,0.08,6.564912280701755,Recordatorio SMS próxima revisión
SYN003312,104715,I,MEDIO,0.5802138,0.08,6.564912280701755,Recordatorio SMS próxima revisión
SYN006312,102424,I,MEDIO,0.4769373,0.08,6.564912280701755,Recordatorio SMS próxima revisión
SYN003295,104805,I,MEDIO,0.52336055,0.08,6.564912280701755,Recordatorio SMS próxima revisión
SYN006296,106118,I,MEDIO,0.5609073,0.08,6.564912280701755,Recordatorio SMS próxima revisión
SYN006290,105553,I,MEDIO,0.53456324,0.08,6.564912280701755,Recordatorio SMS próxima revisión
SYN006341,100931,I,MEDIO,0.49093434,0.08,6.564912280701755,Recordatorio SMS próxima revisión
SYN003331,100992,I,MEDIO,0.4689475,0.08,6.564912280701755,Recordatorio SMS próxima revisión
SYN003333,105761,I,MEDIO,0.44229808,0.08,6.564912280701755,Recordatorio SMS próxima revisión
SYN006354,60693,I,MEDIO,0.5860723,0.08,6.564912280701755,Recordatorio SMS próxima revisión
SYN003334,105977,I,MEDIO,0.54857314,0.08,6.564912280701755,Recordatorio SMS próxima revisión
SYN006283,19110,I,MEDIO,0.5746619,0.08,6.564912280701755,Recordatorio SMS próxima revisión
SYN006358,102476,I,MEDIO,0.5807365,0.08,6.564912280701755,Recordatorio SMS próxima revisión
SYN006360,102789,I,MEDIO,0.5979173,0.08,6.564912280701755,Recordatorio SMS próxima revisión
SYN006366,100977,I,MEDIO,0.5296999,0.08,6.564912280701755,Recordatorio SMS próxima revisión
SYN006369,106537,I,MEDIO,0.5741466,0.08,6.564912280701755,Recordatorio SMS próxima revisión
SYN003341,107098,I,MEDIO,0.5356579,0.08,6.564912280701755,Recordatorio SMS próxima revisión
SYN003253,100267,I,MEDIO,0.48394367,0.08,6.564912280701755,Recordatorio SMS próxima revisión
SYN006390,37176,I,MEDIO,0.527207,0.08,6.564912280701755,Recordatorio SMS próxima revisión
SYN006269,101172,I,MEDIO,0.5344034,0.08,6.564912280701755,Recordatorio SMS próxima revisión
SYN003244,107499,I,MEDIO,0.55037826,0.08,6.564912280701755,Recordatorio SMS próxima revisión
SYN006266,102125,I,MEDIO,0.5927265,0.08,6.564912280701755,Recordatorio SMS próxima revisión
SYN003351,100101,I,MEDIO,0.5324143,0.08,6.564912280701755,Recordatorio SMS próxima revisión
SYN003237,104046,I,MEDIO,0.55696994,0.08,6.564912280701755,Recordatorio SMS próxima revisión
SYN006402,104051,I,MEDIO,0.5841889,0.08,6.564912280701755,Recordatorio SMS próxima revisión
SYN006410,106750,I,MEDIO,0.54790145,0.08,6.564912280701755,Recordatorio SMS próxima revisión
SYN006411,102285,I,MEDIO,0.537266,0.08,6.564912280701755,Recordatorio SMS próxima revisión
SYN003156,105596,I,MEDIO,0.5841889,0.08,6.564912280701755,Recordatorio SMS próxima revisión
SYN006526,105314,I,MEDIO,0.54473823,0.08,6.564912280701755,Recordatorio SMS próxima revisión
SYN003152,100251,I,MEDIO,0.49635687,0.08,6.564912280701755,Recordatorio SMS próxima revisión
SYN006222,107027,I,MEDIO,0.56629115,0.08,6.564912280701755,Recordatorio SMS próxima revisión
SYN003422,104058,I,MEDIO,0.54123086,0.08,6.564912280701755,Recordatorio SMS próxima revisión
SYN006610,107003,I,MEDIO,0.5807365,0.08,6.564912280701755,Recordatorio SMS próxima revisión
SYN003069,11136,I,MEDIO,0.4689475,0.08,6.564912280701755,Recordatorio SMS próxima revisión
SYN003063,101834,I,MEDIO,0.55356777,0.08,6.564912280701755,Recordatorio SMS próxima revisión
SYN006187,107105,I,MEDIO,0.41830957,0.08,6.564912280701755,Recordatorio SMS próxima revisión
SYN006182,102132,I,MEDIO,0.5250978,0.08,6.564912280701755,Recordatorio SMS próxima revisión
SYN006181,102803,I,MEDIO,0.4689475,0.08,6.564912280701755,Recordatorio SMS próxima revisión
SYN006180,103507,I,MEDIO,0.5797683,0.08,6.564912280701755,Recordatorio SMS próxima revisión
SYN006635,107551,I,MEDIO,0.43226758,0.08,6.564912280701755,Recordatorio SMS próxima revisión
SYN003047,105109,I,MEDIO,0.45771587,0.08,6.564912280701755,Recordatorio SMS próxima revisión
SYN006638,103488,I,MEDIO,0.5211543,0.08,6.564912280701755,Recordatorio SMS próxima revisión
SYN006640,103251,I,MEDIO,0.56629115,0.08,6.564912280701755,Recordatorio SMS próxima revisión
SYN006648,84856,I,MEDIO,0.5667005,0.08,6.564912280701755,Recordatorio SMS próxima revisión
SYN003037,105435,I,MEDIO,0.53936094,0.08,6.564912280701755,Recordatorio SMS próxima revisión
SYN003442,61776,I,MEDIO,0.54602796,0.08,6.564912280701755,Recordatorio SMS próxima revisión
SYN003035,103613,I,MEDIO,0.46426564,0.08,6.564912280701755,Recordatorio SMS próxima revisión
SYN003034,107572,I,MEDIO,0.5913139,0.08,6.564912280701755,Recordatorio SMS próxima revisión
SYN003032,105779,I,MEDIO,0.5745902,0.08,6.564912280701755,Recordatorio SMS próxima revisión
SYN003029,5381,I,MEDIO,0.53456324,0.08,6.564912280701755,Recordatorio SMS próxima revisión
SYN003445,103708,I,MEDIO,0.5700346,0.08,6.564912280701755,Recordatorio SMS próxima revisión
SYN006661,106972,I,MEDIO,0.55787885,0.08,6.564912280701755,Recordatorio SMS próxima revisión
SYN003446,105818,I,MEDIO,0.54703563,0.08,6.564912280701755,Recordatorio SMS próxima revisión
SYN006668,102503,I,MEDIO,0.478541,0.08,6.564912280701755,Recordatorio SMS próxima revisión
SYN003022,107153,I,MEDIO,0.54709965,0.08,6.564912280701755,Recordatorio SMS próxima revisión
SYN006669,106517,I,MEDIO,0.5576706,0.08,6.564912280701755,Recordatorio SMS próxima revisión
SYN003449,103415,I,MEDIO,0.57279295,0.08,6.564912280701755,Recordatorio SMS próxima revisión
SYN003450,100328,I,MEDIO,0.55074143,0.08,6.564912280701755,Recordatorio SMS próxima revisión
SYN003011,106425,I,MEDIO,0.49611592,0.08,6.564912280701755,Recordatorio SMS próxima revisión
SYN006685,107131,I,MEDIO,0.5860723,0.08,6.564912280701755,Recordatorio SMS próxima revisión
SYN003420,104774,I,MEDIO,0.57839036,0.08,6.564912280701755,Recordatorio SMS próxima revisión
SYN003419,108245,I,MEDIO,0.5424851,0.08,6.564912280701755,Recordatorio SMS próxima revisión
SYN006592,108326,I,MEDIO,0.52088624,0.08,6.564912280701755,Recordatorio SMS próxima revisión
SYN003403,100227,I,MEDIO,0.5874091,0.08,6.564912280701755,Recordatorio SMS próxima revisión
SYN006537,107507,I,MEDIO,0.587254,0.08,6.564912280701755,Recordatorio SMS próxima revisión
SYN006541,107450,I,MEDIO,0.58022887,0.08,6.564912280701755,Recordatorio SMS próxima revisión
SYN006543,108370,I,MEDIO,0.5516921,0.08,6.564912280701755,Recordatorio SMS próxima revisión
SYN003140,105915,I,MEDIO,0.5524058,0.08,6.564912280701755,Recordatorio SMS próxima revisión
SYN003396,104780,I,MEDIO,0.48482135,0.08,6.564912280701755,Recordatorio SMS próxima revisión
SYN003131,103903,I,MEDIO,0.5412124,0.08,6.564912280701755,Recordatorio SMS próxima revisión
SYN003128,108489,I,MEDIO,0.4631682,0.08,6.564912280701755,Recordatorio SMS próxima revisión
SYN006560,41120,I,MEDIO,0.57699305,0.08,6.564912280701755,Recordatorio SMS próxima revisión
SYN006209,100266,I,MEDIO,0.54818624,0.08,6.564912280701755,Recordatorio SMS próxima revisión
SYN003119,103370,I,MEDIO,0.5874091,0.08,6.564912280701755,Recordatorio SMS próxima revisión
SYN003117,102933,I,MEDIO,0.54857314,0.08,6.564912280701755,Recordatorio SMS próxima revisión
SYN006207,104514,I,MEDIO,0.55671954,0.08,6.564912280701755,Recordatorio SMS próxima revisión
SYN003114,108428,I,MEDIO,0.5845654,0.08,6.564912280701755,Recordatorio SMS próxima revisión
SYN003112,66614,I,MEDIO,0.46462163,0.08,6.564912280701755,Recordatorio SMS próxima revisión
SYN003088,106701,I,MEDIO,0.5605578,0.08,6.564912280701755,Recordatorio SMS próxima revisión
SYN003111,104728,I,MEDIO,0.5874091,0.08,6.564912280701755,Recordatorio SMS próxima revisión
SYN003406,100949,I,MEDIO,0.54000115,0.08,6.564912280701755,Recordatorio SMS próxima revisión
SYN006571,102578,I,MEDIO,0.5457968,0.08,6.564912280701755,Recordatorio SMS próxima revisión
SYN006575,104258,I,MEDIO,0.55159813,0.08,6.564912280701755,Recordatorio SMS próxima revisión
SYN006578,105557,I,MEDIO,0.46462163,0.08,6.564912280701755,Recordatorio SMS próxima revisión
SYN006204,105836,I,MEDIO,0.49635687,0.08,6.564912280701755,Recordatorio SMS próxima revisión
SYN006580,104678,I,MEDIO,0.55159813,0.08,6.564912280701755,Recordatorio SMS próxima revisión
SYN006582,103678,I,MEDIO,0.5874091,0.08,6.564912280701755,Recordatorio SMS próxima revisión
SYN003413,105361,I,MEDIO,0.47749645,0.08,6.564912280701755,Recordatorio SMS próxima revisión
SYN003093,102547,I,MEDIO,0.573062,0.08,6.564912280701755,Recordatorio SMS próxima revisión
SYN003416,101228,I,MEDIO,0.4994125,0.08,6.564912280701755,Recordatorio SMS próxima revisión
SYN003091,101490,I,MEDIO,0.48458055,0.08,6.564912280701755,Recordatorio SMS próxima revisión
SYN003417,92213,I,MEDIO,0.45512998,0.08,6.564912280701755,Recordatorio SMS próxima revisión
SYN002715,101433,I,MEDIO,0.53977805,0.08,6.564912280701755,Recordatorio SMS próxima revisión
SYN002711,100964,I,MEDIO,0.55159813,0.08,6.564912280701755,Recordatorio SMS próxima revisión
SYN002126,104247,I,MEDIO,0.46462163,0.08,6.564912280701755,Recordatorio SMS próxima revisión
SYN005822,100211,I,MEDIO,0.59017205,0.08,6.564912280701755,Recordatorio SMS próxima revisión
SYN005820,101336,I,MEDIO,0.50883806,0.08,6.564912280701755,Recordatorio SMS próxima revisión
SYN002308,103109,I,MEDIO,0.57279295,0.08,6.564912280701755,Recordatorio SMS próxima revisión
SYN007423,103178,I,MEDIO,0.4614213,0.08,6.564912280701755,Recordatorio SMS próxima revisión
SYN005818,103640,I,MEDIO,0.5515816,0.08,6.564912280701755,Recordatorio SMS próxima revisión
SYN003753,103190,I,MEDIO,0.46462163,0.08,6.564912280701755,Recordatorio SMS próxima revisión
SYN007440,103604,I,MEDIO,0.43163905,0.08,6.564912280701755,Recordatorio SMS próxima revisión
